material,target,method,run,coverage,interval_width
LCE,0.8,Raw ensemble,1,0.7012195087557267,0.10555093727673147
LCE,0.8,Calibrated,1,0.7988971674216713,0.1377067481986149
LCE,0.8,Raw ensemble,2,0.6755639134188992,0.11082820099974668
LCE,0.8,Calibrated,2,0.7880585082081334,0.13169656080940484
LCE,0.8,Raw ensemble,3,0.678780126044652,0.10689930226356524
LCE,0.8,Calibrated,3,0.7927510354034606,0.13109743641737792
LCE,0.8,Raw ensemble,4,0.6718370159381183,0.10710027239832864
LCE,0.8,Calibrated,4,0.7945503737943166,0.1265370016219641
LCE,0.8,Raw ensemble,5,0.6857893495748568,0.11567976160697133
LCE,0.8,Calibrated,5,0.8076836549245845,0.13757539874563562
LCE,0.8,Raw ensemble,6,0.6712964280962256,0.10223190267962799
LCE,0.8,Calibrated,6,0.7969976018359596,0.1295752188881416
LCE,0.8,Raw ensemble,7,0.7009592072129116,0.1059090653782469
LCE,0.8,Calibrated,7,0.8119603919832177,0.13151431617730683
LCE,0.8,Raw ensemble,8,0.6865640413858146,0.1078048767357804
LCE,0.8,Calibrated,8,0.8002538686468511,0.13621883740768276
LCE,0.8,Raw ensemble,9,0.7059674873825269,0.10638983908525995
LCE,0.8,Calibrated,9,0.8074538264437597,0.12204633443512952
LCE,0.8,Raw ensemble,10,0.6739371980590909,0.10518324914873846
LCE,0.8,Calibrated,10,0.827015135133164,0.12731353375540594
LCE,0.8,Raw ensemble,11,0.6935083305706314,0.10172157675365337
LCE,0.8,Calibrated,11,0.8000005001258118,0.12615250413410042
LCE,0.8,Raw ensemble,12,0.6830402123292079,0.10763684013963402
LCE,0.8,Calibrated,12,0.7898434027763191,0.12896618994850143
LCE,0.8,Raw ensemble,13,0.6826056529517621,0.10472497832538795
LCE,0.8,Calibrated,13,0.8009511607644063,0.12434579758683464
LCE,0.8,Raw ensemble,14,0.6983930260665069,0.10797454449581606
LCE,0.8,Calibrated,14,0.7891213313492323,0.13448480590115033
LCE,0.8,Raw ensemble,15,0.6708167902465729,0.09966134628683578
LCE,0.8,Calibrated,15,0.787100580554196,0.11979061907356368
LCE,0.9,Raw ensemble,1,0.7807425663495273,0.11667605350911578
LCE,0.9,Calibrated,1,0.9054921954903343,0.14103007952247823
LCE,0.9,Raw ensemble,2,0.7790814627256597,0.11765700059141625
LCE,0.9,Calibrated,2,0.897747377262546,0.1453812146408928
LCE,0.9,Raw ensemble,3,0.7896012017538449,0.12054187024151339
LCE,0.9,Calibrated,3,0.9101048482791925,0.14936206184761133
LCE,0.9,Raw ensemble,4,0.8084493818892644,0.12580059217834338
LCE,0.9,Calibrated,4,0.9017268474077053,0.15145743961805416
LCE,0.9,Raw ensemble,5,0.8059394005803188,0.10786845295245329
LCE,0.9,Calibrated,5,0.8913277554338975,0.13145566757591065
LCE,0.9,Raw ensemble,6,0.7710894966557196,0.13423760425318657
LCE,0.9,Calibrated,6,0.891837887904783,0.160721615493508
LCE,0.9,Raw ensemble,7,0.7777387293104888,0.12337044373183935
LCE,0.9,Calibrated,7,0.8984752232085154,0.15537305491862577
LCE,0.9,Raw ensemble,8,0.7572087256222024,0.12178495639609249
LCE,0.9,Calibrated,8,0.9105413370822149,0.14843533270371917
LCE,0.9,Raw ensemble,9,0.7995257561411636,0.11649561591616175
LCE,0.9,Calibrated,9,0.9131774505337739,0.14104429498050486
LCE,0.9,Raw ensemble,10,0.7808532261289199,0.11205731599180793
LCE,0.9,Calibrated,10,0.9153578017537267,0.1413760181549154
LCE,0.9,Raw ensemble,11,0.7734118129693832,0.12388640712417513
LCE,0.9,Calibrated,11,0.9064986771463396,0.15407055478740184
LCE,0.9,Raw ensemble,12,0.7874039619039191,0.11799812034842498
LCE,0.9,Calibrated,12,0.8980598103735885,0.14811789794939814
LCE,0.9,Raw ensemble,13,0.8138026265389272,0.12346367600876948
LCE,0.9,Calibrated,13,0.8911990582079896,0.1525331670078032
LCE,0.9,Raw ensemble,14,0.7937704228700305,0.12199677499119439
LCE,0.9,Calibrated,14,0.9021675095524417,0.1539043071457754
LCE,0.9,Raw ensemble,15,0.7950679713629722,0.11783364123067655
LCE,0.9,Calibrated,15,0.8844582724460421,0.14814155114128297
LCE,0.95,Raw ensemble,1,0.8218100408593045,0.13282278189547037
LCE,0.95,Calibrated,1,0.9548339432611272,0.1619848330813798
LCE,0.95,Raw ensemble,2,0.8432250581396085,0.1215481877015126
LCE,0.95,Calibrated,2,0.9609997309912646,0.15096514598616648
LCE,0.95,Raw ensemble,3,0.8062350889110352,0.1277442436461197
LCE,0.95,Calibrated,3,0.9469431009099631,0.1537435653053439
LCE,0.95,Raw ensemble,4,0.8403880373950366,0.12397545933678138
LCE,0.95,Calibrated,4,0.9644451987041559,0.16292688071408448
LCE,0.95,Raw ensemble,5,0.7958740320393424,0.12218068543304156
LCE,0.95,Calibrated,5,0.9684948156392065,0.14684753360088768
LCE,0.95,Raw ensemble,6,0.8484556272253434,0.1336240589991007
LCE,0.95,Calibrated,6,0.9481790880233397,0.16601133506711382
LCE,0.95,Raw ensemble,7,0.8152840700809103,0.1292886455863445
LCE,0.95,Calibrated,7,0.943013905392155,0.1561351988403778
LCE,0.95,Raw ensemble,8,0.8267043380020124,0.1267530950228451
LCE,0.95,Calibrated,8,0.9545272968477105,0.16200892303331887
LCE,0.95,Raw ensemble,9,0.8084182836830734,0.13090546289436633
LCE,0.95,Calibrated,9,0.9469895750692828,0.16055789340240453
LCE,0.95,Raw ensemble,10,0.8266460505220496,0.12325655961248545
LCE,0.95,Calibrated,10,0.947443464485511,0.1552494356894838
LCE,0.95,Raw ensemble,11,0.8175216911970926,0.12581403029891372
LCE,0.95,Calibrated,11,0.9656094794319441,0.15384841603052768
LCE,0.95,Raw ensemble,12,0.8447711212834403,0.12646881365187354
LCE,0.95,Calibrated,12,0.9472728503860831,0.16212349908603674
LCE,0.95,Raw ensemble,13,0.8347431355979538,0.13073926618054027
LCE,0.95,Calibrated,13,0.9355594558329411,0.16244434742792632
LCE,0.95,Raw ensemble,14,0.8279685528104092,0.13739764394604442
LCE,0.95,Calibrated,14,0.95314188586414,0.16779444458781834
LCE,0.95,Raw ensemble,15,0.8355309437118212,0.12863173954949617
LCE,0.95,Calibrated,15,0.9435976913158136,0.15927786075508238
SMP,0.8,Raw ensemble,1,0.6850346688846664,0.10553422306402083
SMP,0.8,Calibrated,1,0.8058629358699412,0.12372762208539156
SMP,0.8,Raw ensemble,2,0.7102311357129812,0.1025508397311948
SMP,0.8,Calibrated,2,0.7955555429640117,0.12814537621536948
SMP,0.8,Raw ensemble,3,0.6847821580294514,0.10450746054574128
SMP,0.8,Calibrated,3,0.7958696234681928,0.12690560801930015
SMP,0.8,Raw ensemble,4,0.7119988467779756,0.11204632882453665
SMP,0.8,Calibrated,4,0.8048000455673907,0.14052698916050857
SMP,0.8,Raw ensemble,5,0.6710990235643752,0.1057007325150261
SMP,0.8,Calibrated,5,0.7992360404045646,0.12987559422029432
SMP,0.8,Raw ensemble,6,0.65463846870296,0.10832383328192925
SMP,0.8,Calibrated,6,0.7840911745833856,0.14529356319294437
SMP,0.8,Raw ensemble,7,0.6586330159872475,0.10057803099023636
SMP,0.8,Calibrated,7,0.7966861755110083,0.1333178951943703
SMP,0.8,Raw ensemble,8,0.7179334192271417,0.10247262823289252
SMP,0.8,Calibrated,8,0.8148694263023235,0.12623932812241379
SMP,0.8,Raw ensemble,9,0.7017654370836104,0.10538847139344126
SMP,0.8,Calibrated,9,0.8087811731132508,0.12887119447453488
SMP,0.8,Raw ensemble,10,0.687883298138205,0.09508707600168924
SMP,0.8,Calibrated,10,0.7963134397620264,0.11458848281907703
SMP,0.8,Raw ensemble,11,0.7043518502373969,0.10925176397384867
SMP,0.8,Calibrated,11,0.8036339150159385,0.13296335273333823
SMP,0.8,Raw ensemble,12,0.6984566436093602,0.10248054754028044
SMP,0.8,Calibrated,12,0.8147434929112712,0.132043647457068
SMP,0.8,Raw ensemble,13,0.6832654630559076,0.10167050627182905
SMP,0.8,Calibrated,13,0.804284348198294,0.12350978078163216
SMP,0.8,Raw ensemble,14,0.6893038658639081,0.09823417548441067
SMP,0.8,Calibrated,14,0.8184004269026622,0.12070879405773313
SMP,0.8,Raw ensemble,15,0.7033982952384003,0.11402695709720796
SMP,0.8,Calibrated,15,0.7958249480407654,0.1397212098068547
SMP,0.9,Raw ensemble,1,0.7913651856702557,0.11745877142262509
SMP,0.9,Calibrated,1,0.8995341194689843,0.1460418710400841
SMP,0.9,Raw ensemble,2,0.8055405783622988,0.11567179283344527
SMP,0.9,Calibrated,2,0.8945276612115725,0.14349154270811046
SMP,0.9,Raw ensemble,3,0.7961497185554859,0.11575048617634562
SMP,0.9,Calibrated,3,0.8925913541579451,0.14671991914602264
SMP,0.9,Raw ensemble,4,0.7894185504641923,0.11770920438362162
SMP,0.9,Calibrated,4,0.8962973755205911,0.14916286183098743
SMP,0.9,Raw ensemble,5,0.8037152592388186,0.11390235137249595
SMP,0.9,Calibrated,5,0.8941084907951563,0.1391317444556795
SMP,0.9,Raw ensemble,6,0.7661077604553241,0.1246354324028476
SMP,0.9,Calibrated,6,0.8937614868077618,0.15306423796534757
SMP,0.9,Raw ensemble,7,0.781514291350985,0.11382476384164458
SMP,0.9,Calibrated,7,0.8990998711453558,0.14404319509902647
SMP,0.9,Raw ensemble,8,0.7722153355721704,0.12180576332408448
SMP,0.9,Calibrated,8,0.8938051563364594,0.1536004254287471
SMP,0.9,Raw ensemble,9,0.8142412601264697,0.10701312680405378
SMP,0.9,Calibrated,9,0.8862548144429352,0.1294125454729012
SMP,0.9,Raw ensemble,10,0.7760793088734221,0.11870400155950346
SMP,0.9,Calibrated,10,0.8882868907840759,0.1446460295103256
SMP,0.9,Raw ensemble,11,0.7745908109662624,0.12359512562713465
SMP,0.9,Calibrated,11,0.9207180210786974,0.14866174525843942
SMP,0.9,Raw ensemble,12,0.7948117990332687,0.11775320584893223
SMP,0.9,Calibrated,12,0.895972113722154,0.15453261597019438
SMP,0.9,Raw ensemble,13,0.8080923047433516,0.11551511807029563
SMP,0.9,Calibrated,13,0.9092312886903625,0.14181350484831703
SMP,0.9,Raw ensemble,14,0.7753602684524853,0.11296072057753763
SMP,0.9,Calibrated,14,0.8947672482467037,0.13692343465746215
SMP,0.9,Raw ensemble,15,0.7918659230718438,0.11653832380673133
SMP,0.9,Calibrated,15,0.8924381429273124,0.13513108073051527
SMP,0.95,Raw ensemble,1,0.836625318307239,0.11698468358409676
SMP,0.95,Calibrated,1,0.9508227178040961,0.1439244254528851
SMP,0.95,Raw ensemble,2,0.8206332484036355,0.11171120744245579
SMP,0.95,Calibrated,2,0.9472647207304781,0.13999077079415273
SMP,0.95,Raw ensemble,3,0.8557608812679252,0.12272156611130768
SMP,0.95,Calibrated,3,0.9399810378287389,0.14841511798684315
SMP,0.95,Raw ensemble,4,0.8435552752566231,0.11989453174308648
SMP,0.95,Calibrated,4,0.9497849188731238,0.14998378783778896
SMP,0.95,Raw ensemble,5,0.8492871969267287,0.1276008781407753
SMP,0.95,Calibrated,5,0.9499860864078553,0.16578122954361693
SMP,0.95,Raw ensemble,6,0.8209427517887606,0.12461587822906231
SMP,0.95,Calibrated,6,0.9487152791550769,0.15394934825000028
SMP,0.95,Raw ensemble,7,0.8384359402355069,0.12496069611020393
SMP,0.95,Calibrated,7,0.9445753974815745,0.15613659781530892
SMP,0.95,Raw ensemble,8,0.84187236682425,0.12391268834622297
SMP,0.95,Calibrated,8,0.9531063774370506,0.15954087072670364
SMP,0.95,Raw ensemble,9,0.8304720652698206,0.1261510843019411
SMP,0.95,Calibrated,9,0.9521755723677023,0.15543991109905206
SMP,0.95,Raw ensemble,10,0.8278616019496894,0.12122923630816063
SMP,0.95,Calibrated,10,0.9320031831356405,0.1448432769043942
SMP,0.95,Raw ensemble,11,0.8314630019022289,0.1299363657185478
SMP,0.95,Calibrated,11,0.9748131173902163,0.1592671506196326
SMP,0.95,Raw ensemble,12,0.8440349307747752,0.1217536018789479
SMP,0.95,Calibrated,12,0.9437720066131402,0.14915568178578253
SMP,0.95,Raw ensemble,13,0.848371431457061,0.12295125924701882
SMP,0.95,Calibrated,13,0.9627531415815826,0.15030534727539793
SMP,0.95,Raw ensemble,14,0.8416036779107873,0.1187973543034153
SMP,0.95,Calibrated,14,0.9497358886367506,0.1468683856413105
SMP,0.95,Raw ensemble,15,0.8307115583049646,0.12285926395285766
SMP,0.95,Calibrated,15,0.9445652722887157,0.14909421826808938
Hydrogel,0.8,Raw ensemble,1,0.6766210582826111,0.1148041029766037
Hydrogel,0.8,Calibrated,1,0.7978106018243651,0.13937279746131093
Hydrogel,0.8,Raw ensemble,2,0.6668530639167154,0.11019867472260539
Hydrogel,0.8,Calibrated,2,0.8008502371150782,0.13378341875987632
Hydrogel,0.8,Raw ensemble,3,0.6949743228756595,0.12274796380334758
Hydrogel,0.8,Calibrated,3,0.7989526939343016,0.1450399626082416
Hydrogel,0.8,Raw ensemble,4,0.70367609256028,0.11119376976673082
Hydrogel,0.8,Calibrated,4,0.8005421678977725,0.12908201978408518
Hydrogel,0.8,Raw ensemble,5,0.6848072723444709,0.10950005997898804
Hydrogel,0.8,Calibrated,5,0.7969528094483346,0.13189662390144624
Hydrogel,0.8,Raw ensemble,6,0.6671844273682006,0.10531676270035403
Hydrogel,0.8,Calibrated,6,0.7987039295335829,0.1329773129812566
Hydrogel,0.8,Raw ensemble,7,0.6664964341949624,0.11927302228230408
Hydrogel,0.8,Calibrated,7,0.7950939037032839,0.14609979748819885
Hydrogel,0.8,Raw ensemble,8,0.6930353523176771,0.11269497373727504
Hydrogel,0.8,Calibrated,8,0.8044300876508003,0.134312293495915
Hydrogel,0.8,Raw ensemble,9,0.6555168884091662,0.11236321270695626
Hydrogel,0.8,Calibrated,9,0.7934264504619594,0.14102497914144627
Hydrogel,0.8,Raw ensemble,10,0.6731738301625072,0.11886801281412457
Hydrogel,0.8,Calibrated,10,0.8021486166991033,0.1476610528461228
Hydrogel,0.8,Raw ensemble,11,0.6921115595659121,0.11032849738762353
Hydrogel,0.8,Calibrated,11,0.7973910316995076,0.14235923809164697
Hydrogel,0.8,Raw ensemble,12,0.6746743937813603,0.1114681056123103
Hydrogel,0.8,Calibrated,12,0.797465281376432,0.1365310427731362
Hydrogel,0.8,Raw ensemble,13,0.6860560679260159,0.11722821624899303
Hydrogel,0.8,Calibrated,13,0.8039939133144276,0.14363979093639817
Hydrogel,0.8,Raw ensemble,14,0.6761660251028858,0.11743886201816227
Hydrogel,0.8,Calibrated,14,0.8063184459838121,0.13937719426199588
Hydrogel,0.8,Raw ensemble,15,0.6835793372371902,0.11381892954916911
Hydrogel,0.8,Calibrated,15,0.7757711707556615,0.14124629337124828
Hydrogel,0.9,Raw ensemble,1,0.7779381882614221,0.12386315896589417
Hydrogel,0.9,Calibrated,1,0.8983727406531185,0.1564231622899687
Hydrogel,0.9,Raw ensemble,2,0.7751439728973246,0.138677479929775
Hydrogel,0.9,Calibrated,2,0.9115016599431587,0.16701851055744202
Hydrogel,0.9,Raw ensemble,3,0.8014342076943562,0.1320768634131216
Hydrogel,0.9,Calibrated,3,0.8912750714968912,0.16098223730097222
Hydrogel,0.9,Raw ensemble,4,0.7864035156973115,0.12778825231934718
Hydrogel,0.9,Calibrated,4,0.8906943446132871,0.1504201287583325
Hydrogel,0.9,Raw ensemble,5,0.7610536926225977,0.13446316473685513
Hydrogel,0.9,Calibrated,5,0.9041237704095764,0.1635600540907993
Hydrogel,0.9,Raw ensemble,6,0.8027219688078134,0.13725578645844982
Hydrogel,0.9,Calibrated,6,0.8954278731820314,0.1694916943866517
Hydrogel,0.9,Raw ensemble,7,0.7902832851344037,0.12075526593914013
Hydrogel,0.9,Calibrated,7,0.9012467846967516,0.14657700438627333
Hydrogel,0.9,Raw ensemble,8,0.7696213395509687,0.1252370073467196
Hydrogel,0.9,Calibrated,8,0.8996596366751518,0.15229265161865974
Hydrogel,0.9,Raw ensemble,9,0.7487028027772317,0.12950427118285615
Hydrogel,0.9,Calibrated,9,0.8880502221642483,0.1635805966713086
Hydrogel,0.9,Raw ensemble,10,0.7748992121614041,0.12989700647789323
Hydrogel,0.9,Calibrated,10,0.8980463699014063,0.1637266059743815
Hydrogel,0.9,Raw ensemble,11,0.7734866482158032,0.12294059716025801
Hydrogel,0.9,Calibrated,11,0.8843437170384805,0.14402606549664398
Hydrogel,0.9,Raw ensemble,12,0.8090540603178871,0.12598769125594306
Hydrogel,0.9,Calibrated,12,0.9043308065125427,0.15596799311235857
Hydrogel,0.9,Raw ensemble,13,0.7873405752639131,0.1263199881155856
Hydrogel,0.9,Calibrated,13,0.8891725242078619,0.1530687882943644
Hydrogel,0.9,Raw ensemble,14,0.7844374784016953,0.12607100923480155
Hydrogel,0.9,Calibrated,14,0.8902205663215693,0.1465508679230024
Hydrogel,0.9,Raw ensemble,15,0.7552207862097753,0.1281361582976732
Hydrogel,0.9,Calibrated,15,0.8861075769149184,0.15142347752223084
Hydrogel,0.95,Raw ensemble,1,0.8240814938967267,0.12906012545283677
Hydrogel,0.95,Calibrated,1,0.9624214559241993,0.16106899219749302
Hydrogel,0.95,Raw ensemble,2,0.8188141168343033,0.1305718299849847
Hydrogel,0.95,Calibrated,2,0.9422447519017166,0.1625164129643987
Hydrogel,0.95,Raw ensemble,3,0.8136688017983547,0.129933551325315
Hydrogel,0.95,Calibrated,3,0.9440223878549527,0.16160667341899387
Hydrogel,0.95,Raw ensemble,4,0.8299543776662445,0.13804024023989464
Hydrogel,0.95,Calibrated,4,0.9571618222339473,0.17712795514467872
Hydrogel,0.95,Raw ensemble,5,0.8746820427304768,0.13824898045861816
Hydrogel,0.95,Calibrated,5,0.9555378633848219,0.16823899638286877
Hydrogel,0.95,Raw ensemble,6,0.8349762285432121,0.1325122266888674
Hydrogel,0.95,Calibrated,6,0.9449726623403755,0.16440163331774293
Hydrogel,0.95,Raw ensemble,7,0.7915307540592729,0.1420733479989484
Hydrogel,0.95,Calibrated,7,0.9507636413165526,0.17044136478034835
Hydrogel,0.95,Raw ensemble,8,0.8442186369528356,0.1365725395410217
Hydrogel,0.95,Calibrated,8,0.930461452359506,0.16864968024497984
Hydrogel,0.95,Raw ensemble,9,0.8396673563792841,0.1296928420483664
Hydrogel,0.95,Calibrated,9,0.9436407339315139,0.15551339575059167
Hydrogel,0.95,Raw ensemble,10,0.8228376330768005,0.13114400774709828
Hydrogel,0.95,Calibrated,10,0.9417514355524597,0.15478275823810003
Hydrogel,0.95,Raw ensemble,11,0.8402907752132702,0.1380286271354345
Hydrogel,0.95,Calibrated,11,0.9459731892929102,0.1726237981493058
Hydrogel,0.95,Raw ensemble,12,0.833950861756986,0.13578379434571256
Hydrogel,0.95,Calibrated,12,0.9607523378016405,0.16919138259330824
Hydrogel,0.95,Raw ensemble,13,0.8312720422952166,0.1308912757373217
Hydrogel,0.95,Calibrated,13,0.9426715541493494,0.16325305136190954
Hydrogel,0.95,Raw ensemble,14,0.8160395706517515,0.1297012644680669
Hydrogel,0.95,Calibrated,14,0.9447831021628347,0.15870250637839559
Hydrogel,0.95,Raw ensemble,15,0.8206006669048926,0.13143940610481944
Hydrogel,0.95,Calibrated,15,0.9439776109485322,0.1572633412670939
DEA,0.8,Raw ensemble,1,0.685990808794358,0.10725245300199289
DEA,0.8,Calibrated,1,0.7982951770086772,0.1315219472995388
DEA,0.8,Raw ensemble,2,0.6703740901993037,0.10800761789947234
DEA,0.8,Calibrated,2,0.8021836088451751,0.13780439949445134
DEA,0.8,Raw ensemble,3,0.7051886213990994,0.11418977511825207
DEA,0.8,Calibrated,3,0.8009695345810686,0.13745920896156283
DEA,0.8,Raw ensemble,4,0.7090882471730287,0.1041930786360798
DEA,0.8,Calibrated,4,0.7890708065774428,0.12789086430524618
DEA,0.8,Raw ensemble,5,0.6675819114412406,0.11850580073537356
DEA,0.8,Calibrated,5,0.8013174149373955,0.14171475697760344
DEA,0.8,Raw ensemble,6,0.6727877280908903,0.11462789152982915
DEA,0.8,Calibrated,6,0.8016913227054498,0.14276460835092566
DEA,0.8,Raw ensemble,7,0.6836564124225502,0.11308564034363858
DEA,0.8,Calibrated,7,0.8092576906771902,0.14312060179353445
DEA,0.8,Raw ensemble,8,0.6849040788009644,0.10764651684022179
DEA,0.8,Calibrated,8,0.8055239083446712,0.13423138398397702
DEA,0.8,Raw ensemble,9,0.6606232680427813,0.10867278795152241
DEA,0.8,Calibrated,9,0.781319134042114,0.13339595909393434
DEA,0.8,Raw ensemble,10,0.6861337140827655,0.10897264671242793
DEA,0.8,Calibrated,10,0.8007296544044636,0.13338766355396695
DEA,0.8,Raw ensemble,11,0.718590710671998,0.10695682797751195
DEA,0.8,Calibrated,11,0.7893806914508171,0.1352661463117054
DEA,0.8,Raw ensemble,12,0.6933465297007532,0.11389036969061796
DEA,0.8,Calibrated,12,0.8116041972762296,0.13722800030578497
DEA,0.8,Raw ensemble,13,0.6675651990609436,0.10176509513042287
DEA,0.8,Calibrated,13,0.795950114067373,0.12002471850524335
DEA,0.8,Raw ensemble,14,0.6583860886306332,0.1097916074554238
DEA,0.8,Calibrated,14,0.8052802021010651,0.13726214252706032
DEA,0.8,Raw ensemble,15,0.6893591917239078,0.1105700122425556
DEA,0.8,Calibrated,15,0.7939122897044799,0.13606355245028193
DEA,0.9,Raw ensemble,1,0.7869578678544823,0.13172688660000953
DEA,0.9,Calibrated,1,0.8919487550065818,0.15635011450564884
DEA,0.9,Raw ensemble,2,0.787021224121529,0.13147135343272115
DEA,0.9,Calibrated,2,0.9006885576970574,0.16193060808684176
DEA,0.9,Raw ensemble,3,0.7827621738386275,0.11166965732358347
DEA,0.9,Calibrated,3,0.8978174398685964,0.13161963721383524
DEA,0.9,Raw ensemble,4,0.8044721613582893,0.11981286321255562
DEA,0.9,Calibrated,4,0.890352957124367,0.14506857591084663
DEA,0.9,Raw ensemble,5,0.7757513654655533,0.13204370739165644
DEA,0.9,Calibrated,5,0.9043810456767346,0.15878630054016288
DEA,0.9,Raw ensemble,6,0.7825946667463254,0.13113606086677057
DEA,0.9,Calibrated,6,0.8940024819590926,0.15703439756116075
DEA,0.9,Raw ensemble,7,0.7935214230130576,0.11910676082719075
DEA,0.9,Calibrated,7,0.890604794606284,0.15053368199217146
DEA,0.9,Raw ensemble,8,0.7582740413009762,0.12848255022949331
DEA,0.9,Calibrated,8,0.8982878050321644,0.1623114166384037
DEA,0.9,Raw ensemble,9,0.7780317665917925,0.1262168765054534
DEA,0.9,Calibrated,9,0.8924545344723845,0.15306267811060598
DEA,0.9,Raw ensemble,10,0.7516898090683394,0.13058593393166945
DEA,0.9,Calibrated,10,0.9081600374004389,0.16505503304366098
DEA,0.9,Raw ensemble,11,0.7666789705192353,0.12600408816818154
DEA,0.9,Calibrated,11,0.9097168371911957,0.15472836725882094
DEA,0.9,Raw ensemble,12,0.7716410203667144,0.12933778711118304
DEA,0.9,Calibrated,12,0.890953269849366,0.15601384140958482
DEA,0.9,Raw ensemble,13,0.7793144642533003,0.12065456022067853
DEA,0.9,Calibrated,13,0.9024978499750482,0.15146000657671133
DEA,0.9,Raw ensemble,14,0.794049635422202,0.1206829786423843
DEA,0.9,Calibrated,14,0.9131795414022915,0.15219848704194536
DEA,0.9,Raw ensemble,15,0.7757316503229674,0.12671387060555409
DEA,0.9,Calibrated,15,0.900146343068471,0.15738985895055496
DEA,0.95,Raw ensemble,1,0.8135433350291886,0.13190820608766968
DEA,0.95,Calibrated,1,0.9502464435130105,0.16372162698463652
DEA,0.95,Raw ensemble,2,0.8488601425431576,0.12701954003619398
DEA,0.95,Calibrated,2,0.9583020765494172,0.15051354465412586
DEA,0.95,Raw ensemble,3,0.846782258156386,0.12342520176407869
DEA,0.95,Calibrated,3,0.9473886049140842,0.1480051352390466
DEA,0.95,Raw ensemble,4,0.8306706780623634,0.13245970766367973
DEA,0.95,Calibrated,4,0.9407530633272291,0.16814457731865914
DEA,0.95,Raw ensemble,5,0.8591466286990148,0.12980531966757763
DEA,0.95,Calibrated,5,0.9397327917608008,0.16687907498909416
DEA,0.95,Raw ensemble,6,0.7999641554469195,0.1311988960713374
DEA,0.95,Calibrated,6,0.9679331807413668,0.16146711146474885
DEA,0.95,Raw ensemble,7,0.8611057866858394,0.13716310967533563
DEA,0.95,Calibrated,7,0.9676319316935701,0.16783838495008777
DEA,0.95,Raw ensemble,8,0.8240844376544667,0.12615759338922133
DEA,0.95,Calibrated,8,0.9408427897087143,0.1504789355135434
DEA,0.95,Raw ensemble,9,0.8350990432809252,0.13004201366836113
DEA,0.95,Calibrated,9,0.9424817524148273,0.16637746188317662
DEA,0.95,Raw ensemble,10,0.8302468443572176,0.12957701850528042
DEA,0.95,Calibrated,10,0.9467194517921793,0.15527826340495665
DEA,0.95,Raw ensemble,11,0.7978950822422062,0.13502267167472065
DEA,0.95,Calibrated,11,0.9555602788276858,0.15971652629061697
DEA,0.95,Raw ensemble,12,0.8550068145962936,0.13321391995158152
DEA,0.95,Calibrated,12,0.9449281933372939,0.16248944768682738
DEA,0.95,Raw ensemble,13,0.8429248113645897,0.12805839068886096
DEA,0.95,Calibrated,13,0.9380852048019529,0.15017327824542517
DEA,0.95,Raw ensemble,14,0.836204138085996,0.1301117443163789
DEA,0.95,Calibrated,14,0.944058910919737,0.1589511690250385
DEA,0.95,Raw ensemble,15,0.8385623496169011,0.12724393006847456
DEA,0.95,Calibrated,15,0.9576394832373533,0.15378784400952905
MRC,0.8,Raw ensemble,1,0.6830964667692735,0.10949137600897894
MRC,0.8,Calibrated,1,0.7935080626918358,0.13241638416097012
MRC,0.8,Raw ensemble,2,0.6867384047921912,0.10572108716662365
MRC,0.8,Calibrated,2,0.7992455031026701,0.12279039063379524
MRC,0.8,Raw ensemble,3,0.6920448156233642,0.11047171200530222
MRC,0.8,Calibrated,3,0.804348525257962,0.14158851248564933
MRC,0.8,Raw ensemble,4,0.7087873281687801,0.10817731786876733
MRC,0.8,Calibrated,4,0.8037417026369511,0.13512834382533287
MRC,0.8,Raw ensemble,5,0.6881535148724078,0.11330439134458486
MRC,0.8,Calibrated,5,0.797601148585466,0.14500163381867653
MRC,0.8,Raw ensemble,6,0.6733874073401338,0.10862967159354511
MRC,0.8,Calibrated,6,0.7979582827173466,0.1377618982061566
MRC,0.8,Raw ensemble,7,0.6709569652017365,0.10378749436902206
MRC,0.8,Calibrated,7,0.8003473988409623,0.1314318895092051
MRC,0.8,Raw ensemble,8,0.6768658202357644,0.1126346429875304
MRC,0.8,Calibrated,8,0.8054198149600468,0.1375700156739309
MRC,0.8,Raw ensemble,9,0.6875168510378983,0.11765148595786673
MRC,0.8,Calibrated,9,0.7773853006902596,0.15127830052428493
MRC,0.8,Raw ensemble,10,0.6684394514926172,0.1169374669135725
MRC,0.8,Calibrated,10,0.8123662060238614,0.14148578170311896
MRC,0.8,Raw ensemble,11,0.6794460613982617,0.1168322518372954
MRC,0.8,Calibrated,11,0.7890452252972671,0.14336354646725524
MRC,0.8,Raw ensemble,12,0.689994441556252,0.1089664938524803
MRC,0.8,Calibrated,12,0.801607890177336,0.1345962216008917
MRC,0.8,Raw ensemble,13,0.681486710176783,0.1027920327234306
MRC,0.8,Calibrated,13,0.7983499987745986,0.12440493361496584
MRC,0.8,Raw ensemble,14,0.6816228446605918,0.10645374553268581
MRC,0.8,Calibrated,14,0.8013795947053753,0.13449227485358822
MRC,0.8,Raw ensemble,15,0.668019200375426,0.1098370575011528
MRC,0.8,Calibrated,15,0.7936428062898674,0.13290286293332848
MRC,0.9,Raw ensemble,1,0.7796589486665758,0.13363022371121838
MRC,0.9,Calibrated,1,0.8984166778260148,0.16527652213209856
MRC,0.9,Raw ensemble,2,0.7736201402892493,0.11783527426646954
MRC,0.9,Calibrated,2,0.9117957837419677,0.1426249050326428
MRC,0.9,Raw ensemble,3,0.7726702847264999,0.12115411997618189
MRC,0.9,Calibrated,3,0.8884944783754435,0.15662145304530253
MRC,0.9,Raw ensemble,4,0.7556475549155239,0.12062270442999501
MRC,0.9,Calibrated,4,0.9012016285040888,0.14144124386933074
MRC,0.9,Raw ensemble,5,0.7816111707083239,0.12320690891934089
MRC,0.9,Calibrated,5,0.8941489158975899,0.14815036937892248
MRC,0.9,Raw ensemble,6,0.7963359575579104,0.12996132114751854
MRC,0.9,Calibrated,6,0.8887210683237484,0.15868822765856905
MRC,0.9,Raw ensemble,7,0.7482947195297314,0.12524881892644776
MRC,0.9,Calibrated,7,0.8967528796063132,0.15007093319566683
MRC,0.9,Raw ensemble,8,0.78867174424597,0.12689187422824277
MRC,0.9,Calibrated,8,0.8919599327403499,0.16107726157088276
MRC,0.9,Raw ensemble,9,0.8001013305262058,0.12075733493480635
MRC,0.9,Calibrated,9,0.8933590228258665,0.15030200088971998
MRC,0.9,Raw ensemble,10,0.7705191389205535,0.11963750456827604
MRC,0.9,Calibrated,10,0.8967257668416828,0.14997186634500936
MRC,0.9,Raw ensemble,11,0.7852814591625198,0.13014742821529077
MRC,0.9,Calibrated,11,0.8856463245017572,0.15725789982660762
MRC,0.9,Raw ensemble,12,0.7527467346530885,0.12452811067244715
MRC,0.9,Calibrated,12,0.9037006138008798,0.15148006754143847
MRC,0.9,Raw ensemble,13,0.763981084583,0.12298153238631766
MRC,0.9,Calibrated,13,0.8976275942631868,0.1499952091661821
MRC,0.9,Raw ensemble,14,0.7661816305421653,0.12630140332881706
MRC,0.9,Calibrated,14,0.8986630378795548,0.14853167989035376
MRC,0.9,Raw ensemble,15,0.7722628329551378,0.13284994229431168
MRC,0.9,Calibrated,15,0.8909943985391402,0.1705135527823
MRC,0.95,Raw ensemble,1,0.8136875554548424,0.13411757265692031
MRC,0.95,Calibrated,1,0.9595378857894663,0.16003729817598075
MRC,0.95,Raw ensemble,2,0.8260866209371766,0.13051441990708282
MRC,0.95,Calibrated,2,0.934416304551405,0.16042557106922745
MRC,0.95,Raw ensemble,3,0.8271502505533641,0.14250218809124904
MRC,0.95,Calibrated,3,0.9421078804666186,0.17703801318771364
MRC,0.95,Raw ensemble,4,0.8583492365424684,0.14188802777515536
MRC,0.95,Calibrated,4,0.9445416162587497,0.17628494502783085
MRC,0.95,Raw ensemble,5,0.8392242417978766,0.13528203986584955
MRC,0.95,Calibrated,5,0.950038967028457,0.16886578806194086
MRC,0.95,Raw ensemble,6,0.8517783672809729,0.128857318646737
MRC,0.95,Calibrated,6,0.9527310888823554,0.1612564737483929
MRC,0.95,Raw ensemble,7,0.8337956387859471,0.13313613971518495
MRC,0.95,Calibrated,7,0.9441368424699905,0.16496875316322268
MRC,0.95,Raw ensemble,8,0.8274954269624256,0.13338229414184202
MRC,0.95,Calibrated,8,0.9302133441547946,0.16721882594389204
MRC,0.95,Raw ensemble,9,0.8070555799613768,0.128301579608832
MRC,0.95,Calibrated,9,0.955465725135722,0.16092686793343852
MRC,0.95,Raw ensemble,10,0.7761266255668258,0.12689176994348933
MRC,0.95,Calibrated,10,0.944572885958966,0.14611677317701785
MRC,0.95,Raw ensemble,11,0.8072680576445787,0.1370564437195728
MRC,0.95,Calibrated,11,0.9502502499484614,0.16870829101778462
MRC,0.95,Raw ensemble,12,0.8103296759572745,0.135096435102136
MRC,0.95,Calibrated,12,0.9401966949532503,0.16615055634719347
MRC,0.95,Raw ensemble,13,0.8396438112713408,0.1370007486139731
MRC,0.95,Calibrated,13,0.933969844373925,0.16364652851451642
MRC,0.95,Raw ensemble,14,0.8424217628987408,0.12551173932802678
MRC,0.95,Calibrated,14,0.9308690273829872,0.15816273949494683
MRC,0.95,Raw ensemble,15,0.8450156605019086,0.132504881288429
MRC,0.95,Calibrated,15,0.9375873310312307,0.1639164083590908
PRF,0.8,Raw ensemble,1,0.6706790680009755,0.11683253333316314
PRF,0.8,Calibrated,1,0.8025477947301886,0.14513048698329098
PRF,0.8,Raw ensemble,2,0.7044103819424733,0.11078640472140139
PRF,0.8,Calibrated,2,0.7845101202272357,0.1348782850577518
PRF,0.8,Raw ensemble,3,0.6723977349821397,0.10586625327560921
PRF,0.8,Calibrated,3,0.7962720757595746,0.1326128455624744
PRF,0.8,Raw ensemble,4,0.6720007305984469,0.1126514411008557
PRF,0.8,Calibrated,4,0.7906332580025964,0.13612368181381987
PRF,0.8,Raw ensemble,5,0.6846490543982191,0.11035882269549319
PRF,0.8,Calibrated,5,0.7857614038948891,0.1373747234669323
PRF,0.8,Raw ensemble,6,0.6353294898666859,0.10851513250937311
PRF,0.8,Calibrated,6,0.7921290092923229,0.13087832248908976
PRF,0.8,Raw ensemble,7,0.6878577650933851,0.10019790611029096
PRF,0.8,Calibrated,7,0.7951074044557664,0.12684968094456242
PRF,0.8,Raw ensemble,8,0.6631362560092817,0.11008957593932603
PRF,0.8,Calibrated,8,0.7882044711853361,0.13286036703257836
PRF,0.8,Raw ensemble,9,0.6850246506440403,0.11266485922157171
PRF,0.8,Calibrated,9,0.799940557500372,0.13573762541297732
PRF,0.8,Raw ensemble,10,0.6897005763689374,0.11649342086094736
PRF,0.8,Calibrated,10,0.7934888029784756,0.14675973384761695
PRF,0.8,Raw ensemble,11,0.6768561892228848,0.12141171645417656
PRF,0.8,Calibrated,11,0.7892370213958593,0.14733477472005826
PRF,0.8,Raw ensemble,12,0.6863112549842598,0.10693905956890405
PRF,0.8,Calibrated,12,0.7946607194220823,0.13008100554689628
PRF,0.8,Raw ensemble,13,0.6752245730961414,0.12047448752774806
PRF,0.8,Calibrated,13,0.7928783052734336,0.14818796421594937
PRF,0.8,Raw ensemble,14,0.7041873408114211,0.12381243499731909
PRF,0.8,Calibrated,14,0.8025663845801391,0.1489648000658649
PRF,0.8,Raw ensemble,15,0.6816810092798178,0.11407157729429729
PRF,0.8,Calibrated,15,0.7885239622750525,0.1499753992002937
PRF,0.9,Raw ensemble,1,0.8104521807156744,0.11941686658970672
PRF,0.9,Calibrated,1,0.9035368785487222,0.15285520944891554
PRF,0.9,Raw ensemble,2,0.7792411817787062,0.13080304804063228
PRF,0.9,Calibrated,2,0.9134025361956251,0.16058784847845228
PRF,0.9,Raw ensemble,3,0.782858478950929,0.12685470828752016
PRF,0.9,Calibrated,3,0.9077156133053896,0.15719248747177764
PRF,0.9,Raw ensemble,4,0.7727339359467913,0.12758751025319726
PRF,0.9,Calibrated,4,0.9075661048838138,0.16124414577664753
PRF,0.9,Raw ensemble,5,0.7617879312652028,0.1279308220195346
PRF,0.9,Calibrated,5,0.8976659208577595,0.15957511909096062
PRF,0.9,Raw ensemble,6,0.7704143575953497,0.11849389924124189
PRF,0.9,Calibrated,6,0.8956655268673114,0.1406079282090386
PRF,0.9,Raw ensemble,7,0.7811842948652749,0.12844946659681536
PRF,0.9,Calibrated,7,0.8884376883941496,0.16340026991121515
PRF,0.9,Raw ensemble,8,0.7985777898466401,0.11787706375261808
PRF,0.9,Calibrated,8,0.8843452820171379,0.14543998294046362
PRF,0.9,Raw ensemble,9,0.7862958658528729,0.13027868045527752
PRF,0.9,Calibrated,9,0.9012204290003362,0.1570442479917315
PRF,0.9,Raw ensemble,10,0.7862062456936757,0.12493940753947681
PRF,0.9,Calibrated,10,0.9114502994661254,0.14812749601415495
PRF,0.9,Raw ensemble,11,0.7924117215260373,0.12669252809179518
PRF,0.9,Calibrated,11,0.8791862151380371,0.16071849089878376
PRF,0.9,Raw ensemble,12,0.7661150383105698,0.12861624493644272
PRF,0.9,Calibrated,12,0.8901908891691023,0.1579527575721957
PRF,0.9,Raw ensemble,13,0.7649374109709768,0.13283632696762177
PRF,0.9,Calibrated,13,0.9182286072583428,0.16847855411287718
PRF,0.9,Raw ensemble,14,0.7633798390690362,0.12418923882002307
PRF,0.9,Calibrated,14,0.9108094433485487,0.15629141618880868
PRF,0.9,Raw ensemble,15,0.774541574174293,0.12752943036844588
PRF,0.9,Calibrated,15,0.8905276766341804,0.15823612160182443
PRF,0.95,Raw ensemble,1,0.8321667729159676,0.13563489692631175
PRF,0.95,Calibrated,1,0.9336242432000014,0.16852314594948536
PRF,0.95,Raw ensemble,2,0.8332778284515169,0.1431174492411531
PRF,0.95,Calibrated,2,0.942589440058787,0.18000528695458495
PRF,0.95,Raw ensemble,3,0.851062229559295,0.12583369561035923
PRF,0.95,Calibrated,3,0.9372134467877001,0.1511664471838328
PRF,0.95,Raw ensemble,4,0.8392036246031462,0.1361389676380581
PRF,0.95,Calibrated,4,0.9515419371343682,0.16631496704635673
PRF,0.95,Raw ensemble,5,0.8095580025722822,0.12744752537805096
PRF,0.95,Calibrated,5,0.9491359733523895,0.1614769473590362
PRF,0.95,Raw ensemble,6,0.8281057180289352,0.13220453840874088
PRF,0.95,Calibrated,6,0.9554391276722219,0.16315331158604177
PRF,0.95,Raw ensemble,7,0.8408973164273625,0.1349529152817703
PRF,0.95,Calibrated,7,0.941021635240662,0.15981898206422882
PRF,0.95,Raw ensemble,8,0.822636504608734,0.13951125095656255
PRF,0.95,Calibrated,8,0.950611600320212,0.17580137652323302
PRF,0.95,Raw ensemble,9,0.8202575615936859,0.12978695250106378
PRF,0.95,Calibrated,9,0.9310181031419126,0.15571273068613573
PRF,0.95,Raw ensemble,10,0.8332964497702761,0.1308750867037399
PRF,0.95,Calibrated,10,0.9462963617037828,0.163067085541623
PRF,0.95,Raw ensemble,11,0.8444500705419122,0.1350050607484953
PRF,0.95,Calibrated,11,0.9499125603668228,0.16163155157235057
PRF,0.95,Raw ensemble,12,0.8188337737100583,0.13940528041119585
PRF,0.95,Calibrated,12,0.9502989081837911,0.17554305588814947
PRF,0.95,Raw ensemble,13,0.8272948925136634,0.1383842767473692
PRF,0.95,Calibrated,13,0.9520825661048687,0.16396838542280154
PRF,0.95,Raw ensemble,14,0.8064503596955671,0.13459323273458004
PRF,0.95,Calibrated,14,0.9438098966929509,0.16087904322722266
PRF,0.95,Raw ensemble,15,0.8308087067900006,0.13487007282857746
PRF,0.95,Calibrated,15,0.9469132841466613,0.16971167389725098
