material,method,hf_shots,run,relative_error
LCE,From scratch,0,1,0.38288235298173634
LCE,From scratch,0,2,0.4056815878554544
LCE,From scratch,0,3,0.36552726608920805
LCE,From scratch,0,4,0.35563842620817643
LCE,From scratch,0,5,0.3871164871237488
LCE,From scratch,0,6,0.39992909011903666
LCE,From scratch,0,7,0.37910860315122413
LCE,From scratch,0,8,0.372127876656692
LCE,From scratch,0,9,0.3845526357044812
LCE,From scratch,0,10,0.3781396551778796
LCE,From scratch,0,11,0.37807360383275035
LCE,From scratch,0,12,0.4048809591634771
LCE,From scratch,0,13,0.4018981332233219
LCE,From scratch,0,14,0.42
LCE,From scratch,0,15,0.405954650008882
LCE,From scratch,5,1,0.3226450966600954
LCE,From scratch,5,2,0.3288118036544828
LCE,From scratch,5,3,0.3416235107301574
LCE,From scratch,5,4,0.3353322864636467
LCE,From scratch,5,5,0.3130957479799653
LCE,From scratch,5,6,0.3083914965640257
LCE,From scratch,5,7,0.3236129970115963
LCE,From scratch,5,8,0.3205703165029288
LCE,From scratch,5,9,0.3253272066877269
LCE,From scratch,5,10,0.31677620838567033
LCE,From scratch,5,11,0.31265439717104676
LCE,From scratch,5,12,0.3216524035896557
LCE,From scratch,5,13,0.31346739503856885
LCE,From scratch,5,14,0.32307238859239507
LCE,From scratch,5,15,0.31111976788430035
LCE,From scratch,10,1,0.25629141043472364
LCE,From scratch,10,2,0.24599725232981662
LCE,From scratch,10,3,0.2528958292222754
LCE,From scratch,10,4,0.26418188414706784
LCE,From scratch,10,5,0.25649426589991176
LCE,From scratch,10,6,0.27081028492882336
LCE,From scratch,10,7,0.2484141524284602
LCE,From scratch,10,8,0.2668408071903292
LCE,From scratch,10,9,0.2620330677464889
LCE,From scratch,10,10,0.27175775007762676
LCE,From scratch,10,11,0.2560146303725005
LCE,From scratch,10,12,0.2636390720790806
LCE,From scratch,10,13,0.2677945210436804
LCE,From scratch,10,14,0.2592275269343779
LCE,From scratch,10,15,0.2622588087755628
LCE,From scratch,20,1,0.18495382082889913
LCE,From scratch,20,2,0.1918948828813436
LCE,From scratch,20,3,0.19925942124291451
LCE,From scratch,20,4,0.2115522965315045
LCE,From scratch,20,5,0.21763991391885285
LCE,From scratch,20,6,0.20052527026537656
LCE,From scratch,20,7,0.2090356618200613
LCE,From scratch,20,8,0.2146752560096317
LCE,From scratch,20,9,0.2115234758048582
LCE,From scratch,20,10,0.20496739786196733
LCE,From scratch,20,11,0.21689081022045129
LCE,From scratch,20,12,0.2135631093139364
LCE,From scratch,20,13,0.17563687737954886
LCE,From scratch,20,14,0.19006770199447492
LCE,From scratch,20,15,0.19258200042803766
LCE,Direct fine-tuning,0,1,0.338621135286404
LCE,Direct fine-tuning,0,2,0.31125943498311287
LCE,Direct fine-tuning,0,3,0.3253517208470608
LCE,Direct fine-tuning,0,4,0.3146195822819722
LCE,Direct fine-tuning,0,5,0.3399074829524587
LCE,Direct fine-tuning,0,6,0.3398516829499516
LCE,Direct fine-tuning,0,7,0.34969490599588837
LCE,Direct fine-tuning,0,8,0.3581734093240373
LCE,Direct fine-tuning,0,9,0.3186294397129185
LCE,Direct fine-tuning,0,10,0.31365737949340616
LCE,Direct fine-tuning,0,11,0.33309883167164195
LCE,Direct fine-tuning,0,12,0.30922679709478507
LCE,Direct fine-tuning,0,13,0.33794388498369177
LCE,Direct fine-tuning,0,14,0.34092724416316944
LCE,Direct fine-tuning,0,15,0.32234529252895217
LCE,Direct fine-tuning,5,1,0.25420350689360877
LCE,Direct fine-tuning,5,2,0.2714483322104396
LCE,Direct fine-tuning,5,3,0.2543364891079051
LCE,Direct fine-tuning,5,4,0.26938629735672626
LCE,Direct fine-tuning,5,5,0.24631717497637476
LCE,Direct fine-tuning,5,6,0.2661520594222956
LCE,Direct fine-tuning,5,7,0.2731515863350858
LCE,Direct fine-tuning,5,8,0.24758936509790394
LCE,Direct fine-tuning,5,9,0.2639979266291109
LCE,Direct fine-tuning,5,10,0.26024567873888693
LCE,Direct fine-tuning,5,11,0.2644674613883784
LCE,Direct fine-tuning,5,12,0.27928865267073427
LCE,Direct fine-tuning,5,13,0.2463148021029921
LCE,Direct fine-tuning,5,14,0.2620472668136794
LCE,Direct fine-tuning,5,15,0.2558719197831169
LCE,Direct fine-tuning,10,1,0.20663094730485432
LCE,Direct fine-tuning,10,2,0.19280623484452727
LCE,Direct fine-tuning,10,3,0.1989897007367121
LCE,Direct fine-tuning,10,4,0.19470924933239506
LCE,Direct fine-tuning,10,5,0.2105991511381107
LCE,Direct fine-tuning,10,6,0.2127954722430275
LCE,Direct fine-tuning,10,7,0.1968027021446956
LCE,Direct fine-tuning,10,8,0.22299031575108552
LCE,Direct fine-tuning,10,9,0.2225982302189845
LCE,Direct fine-tuning,10,10,0.21513922007255923
LCE,Direct fine-tuning,10,11,0.2262755019361303
LCE,Direct fine-tuning,10,12,0.21429819867459807
LCE,Direct fine-tuning,10,13,0.2137685701978174
LCE,Direct fine-tuning,10,14,0.21031938188826407
LCE,Direct fine-tuning,10,15,0.21810004072324693
LCE,Direct fine-tuning,20,1,0.16344101176667428
LCE,Direct fine-tuning,20,2,0.15272988143979688
LCE,Direct fine-tuning,20,3,0.15464088523875985
LCE,Direct fine-tuning,20,4,0.15951933436214394
LCE,Direct fine-tuning,20,5,0.15839216713338175
LCE,Direct fine-tuning,20,6,0.15539508453118697
LCE,Direct fine-tuning,20,7,0.15333341697969013
LCE,Direct fine-tuning,20,8,0.16086092854335554
LCE,Direct fine-tuning,20,9,0.16611065984273113
LCE,Direct fine-tuning,20,10,0.1590568288623828
LCE,Direct fine-tuning,20,11,0.16519631479515418
LCE,Direct fine-tuning,20,12,0.16220845006206022
LCE,Direct fine-tuning,20,13,0.17137628212899653
LCE,Direct fine-tuning,20,14,0.15902044775642823
LCE,Direct fine-tuning,20,15,0.15506450534193741
LCE,Shared backbone,0,1,0.2774772831382774
LCE,Shared backbone,0,2,0.2549000948025945
LCE,Shared backbone,0,3,0.2699019405556136
LCE,Shared backbone,0,4,0.2438277317012837
LCE,Shared backbone,0,5,0.272151789176203
LCE,Shared backbone,0,6,0.2553954283533357
LCE,Shared backbone,0,7,0.2578387049952535
LCE,Shared backbone,0,8,0.23728782510301985
LCE,Shared backbone,0,9,0.26352568694467965
LCE,Shared backbone,0,10,0.2844160222077969
LCE,Shared backbone,0,11,0.2832210021188949
LCE,Shared backbone,0,12,0.31138477978096385
LCE,Shared backbone,0,13,0.24466567665723712
LCE,Shared backbone,0,14,0.26948028527131296
LCE,Shared backbone,0,15,0.2644451318047912
LCE,Shared backbone,5,1,0.21702291663692924
LCE,Shared backbone,5,2,0.20880329016212754
LCE,Shared backbone,5,3,0.21120176159638082
LCE,Shared backbone,5,4,0.2110623764923498
LCE,Shared backbone,5,5,0.19714032458074895
LCE,Shared backbone,5,6,0.19664568630463744
LCE,Shared backbone,5,7,0.2107072848428762
LCE,Shared backbone,5,8,0.20808594417068843
LCE,Shared backbone,5,9,0.20368700623945463
LCE,Shared backbone,5,10,0.20929691789953977
LCE,Shared backbone,5,11,0.20473461835401147
LCE,Shared backbone,5,12,0.19900421073428237
LCE,Shared backbone,5,13,0.19880923835568878
LCE,Shared backbone,5,14,0.18962004830094928
LCE,Shared backbone,5,15,0.2020380510547077
LCE,Shared backbone,10,1,0.161426006520364
LCE,Shared backbone,10,2,0.16448180533643608
LCE,Shared backbone,10,3,0.15884987134591338
LCE,Shared backbone,10,4,0.1576785014002525
LCE,Shared backbone,10,5,0.17054214089942718
LCE,Shared backbone,10,6,0.1631394700143355
LCE,Shared backbone,10,7,0.1769795680389857
LCE,Shared backbone,10,8,0.15705681297436833
LCE,Shared backbone,10,9,0.16039341602534213
LCE,Shared backbone,10,10,0.16924130603640788
LCE,Shared backbone,10,11,0.1613310510643941
LCE,Shared backbone,10,12,0.1745022352066523
LCE,Shared backbone,10,13,0.15638871693524076
LCE,Shared backbone,10,14,0.17351101107017505
LCE,Shared backbone,10,15,0.1523641649373154
LCE,Shared backbone,20,1,0.13040419343267598
LCE,Shared backbone,20,2,0.13611761050840424
LCE,Shared backbone,20,3,0.13189750887975663
LCE,Shared backbone,20,4,0.13132640842425503
LCE,Shared backbone,20,5,0.11734268329251275
LCE,Shared backbone,20,6,0.11998156653023723
LCE,Shared backbone,20,7,0.1450067824435045
LCE,Shared backbone,20,8,0.12024887251676797
LCE,Shared backbone,20,9,0.12457275673930394
LCE,Shared backbone,20,10,0.1271938859718973
LCE,Shared backbone,20,11,0.11641093942740227
LCE,Shared backbone,20,12,0.1405008953001176
LCE,Shared backbone,20,13,0.1306971843544852
LCE,Shared backbone,20,14,0.1396820465156087
LCE,Shared backbone,20,15,0.13845233183880196
LCE,Proposed + gate,0,1,0.22090112718799798
LCE,Proposed + gate,0,2,0.2425646494956381
LCE,Proposed + gate,0,3,0.22490339165463594
LCE,Proposed + gate,0,4,0.21979494852278023
LCE,Proposed + gate,0,5,0.22435474282778956
LCE,Proposed + gate,0,6,0.21307856081594273
LCE,Proposed + gate,0,7,0.2323164015300779
LCE,Proposed + gate,0,8,0.21082971757938562
LCE,Proposed + gate,0,9,0.22403315138527793
LCE,Proposed + gate,0,10,0.22538553072852766
LCE,Proposed + gate,0,11,0.24189702870136054
LCE,Proposed + gate,0,12,0.23687404995846864
LCE,Proposed + gate,0,13,0.19844132100356107
LCE,Proposed + gate,0,14,0.2491900291339443
LCE,Proposed + gate,0,15,0.20580124399203154
LCE,Proposed + gate,5,1,0.1884052379121183
LCE,Proposed + gate,5,2,0.1571734082248686
LCE,Proposed + gate,5,3,0.17249087863264306
LCE,Proposed + gate,5,4,0.15877311265424973
LCE,Proposed + gate,5,5,0.18573703249721152
LCE,Proposed + gate,5,6,0.17324847299144772
LCE,Proposed + gate,5,7,0.17345627947594575
LCE,Proposed + gate,5,8,0.17707780227308428
LCE,Proposed + gate,5,9,0.16598419321481367
LCE,Proposed + gate,5,10,0.17366410117316233
LCE,Proposed + gate,5,11,0.17084311387947307
LCE,Proposed + gate,5,12,0.17890544847812026
LCE,Proposed + gate,5,13,0.1806380941368803
LCE,Proposed + gate,5,14,0.17020761202527848
LCE,Proposed + gate,5,15,0.16846330809114976
LCE,Proposed + gate,10,1,0.13029349688721387
LCE,Proposed + gate,10,2,0.1295605354707303
LCE,Proposed + gate,10,3,0.13414401954414706
LCE,Proposed + gate,10,4,0.13778502380868735
LCE,Proposed + gate,10,5,0.13378187154222204
LCE,Proposed + gate,10,6,0.13590548242634687
LCE,Proposed + gate,10,7,0.15021329461664445
LCE,Proposed + gate,10,8,0.14295031663286337
LCE,Proposed + gate,10,9,0.14740241356854844
LCE,Proposed + gate,10,10,0.13332540547575766
LCE,Proposed + gate,10,11,0.1321249140408327
LCE,Proposed + gate,10,12,0.13678701784793992
LCE,Proposed + gate,10,13,0.1301336301329463
LCE,Proposed + gate,10,14,0.1512017479602779
LCE,Proposed + gate,10,15,0.1546582657796922
LCE,Proposed + gate,20,1,0.10041352467096006
LCE,Proposed + gate,20,2,0.10688323635533754
LCE,Proposed + gate,20,3,0.09270316678138724
LCE,Proposed + gate,20,4,0.10204159293730872
LCE,Proposed + gate,20,5,0.11198756763248688
LCE,Proposed + gate,20,6,0.12259212041544461
LCE,Proposed + gate,20,7,0.10134310517019547
LCE,Proposed + gate,20,8,0.10175511009642348
LCE,Proposed + gate,20,9,0.11915067875303317
LCE,Proposed + gate,20,10,0.09475524843675821
LCE,Proposed + gate,20,11,0.0997787587557263
LCE,Proposed + gate,20,12,0.11821336075205137
LCE,Proposed + gate,20,13,0.10497225948343562
LCE,Proposed + gate,20,14,0.10541536363710237
LCE,Proposed + gate,20,15,0.10549581757399298
SMP,From scratch,0,1,0.3605800410460295
SMP,From scratch,0,2,0.38245978194118774
SMP,From scratch,0,3,0.36329655062469146
SMP,From scratch,0,4,0.3688985762819656
SMP,From scratch,0,5,0.3881581282517174
SMP,From scratch,0,6,0.3746424877346938
SMP,From scratch,0,7,0.365586885314116
SMP,From scratch,0,8,0.3946870001686122
SMP,From scratch,0,9,0.3668556816984191
SMP,From scratch,0,10,0.38157704372834284
SMP,From scratch,0,11,0.3507913034278526
SMP,From scratch,0,12,0.36097989497596056
SMP,From scratch,0,13,0.3866770477872
SMP,From scratch,0,14,0.33307016964074126
SMP,From scratch,0,15,0.34924319666210435
SMP,From scratch,5,1,0.3033104747932801
SMP,From scratch,5,2,0.306444237737819
SMP,From scratch,5,3,0.31158293361717215
SMP,From scratch,5,4,0.3009883240441298
SMP,From scratch,5,5,0.2978498123590442
SMP,From scratch,5,6,0.2909622083743034
SMP,From scratch,5,7,0.3130295153162743
SMP,From scratch,5,8,0.3127699025658649
SMP,From scratch,5,9,0.29611121469745816
SMP,From scratch,5,10,0.30456972820010364
SMP,From scratch,5,11,0.30372544743060337
SMP,From scratch,5,12,0.3183940245890721
SMP,From scratch,5,13,0.2946540610401695
SMP,From scratch,5,14,0.2998466450052787
SMP,From scratch,5,15,0.3028874834698332
SMP,From scratch,10,1,0.2472637677825906
SMP,From scratch,10,2,0.26167086935441497
SMP,From scratch,10,3,0.24982300673223926
SMP,From scratch,10,4,0.25537922833337123
SMP,From scratch,10,5,0.2588948264993256
SMP,From scratch,10,6,0.2572171990966382
SMP,From scratch,10,7,0.2463775055376391
SMP,From scratch,10,8,0.2415460277594941
SMP,From scratch,10,9,0.24206216402330574
SMP,From scratch,10,10,0.2504979726172561
SMP,From scratch,10,11,0.2734689581141055
SMP,From scratch,10,12,0.24566962191340883
SMP,From scratch,10,13,0.23436903134072212
SMP,From scratch,10,14,0.24411041667474503
SMP,From scratch,10,15,0.24543507088318617
SMP,From scratch,20,1,0.19844087679151548
SMP,From scratch,20,2,0.1932206145038439
SMP,From scratch,20,3,0.16640969310041898
SMP,From scratch,20,4,0.1830533840546264
SMP,From scratch,20,5,0.2048268247582375
SMP,From scratch,20,6,0.20248416262440583
SMP,From scratch,20,7,0.1863238311680452
SMP,From scratch,20,8,0.18182379004413796
SMP,From scratch,20,9,0.20325956525086641
SMP,From scratch,20,10,0.2020672765954512
SMP,From scratch,20,11,0.2093009745108435
SMP,From scratch,20,12,0.18674204409750692
SMP,From scratch,20,13,0.1984880611586035
SMP,From scratch,20,14,0.18113992361253167
SMP,From scratch,20,15,0.19422121636766487
SMP,Direct fine-tuning,0,1,0.2981950122512043
SMP,Direct fine-tuning,0,2,0.32311815859882315
SMP,Direct fine-tuning,0,3,0.32576038826175746
SMP,Direct fine-tuning,0,4,0.29538398628039425
SMP,Direct fine-tuning,0,5,0.297616701296652
SMP,Direct fine-tuning,0,6,0.31829087362370634
SMP,Direct fine-tuning,0,7,0.30099524598079336
SMP,Direct fine-tuning,0,8,0.33497716074184547
SMP,Direct fine-tuning,0,9,0.31109597397230343
SMP,Direct fine-tuning,0,10,0.2997723308984203
SMP,Direct fine-tuning,0,11,0.26684908370778504
SMP,Direct fine-tuning,0,12,0.32565448973341143
SMP,Direct fine-tuning,0,13,0.33922980271064146
SMP,Direct fine-tuning,0,14,0.30183724266085554
SMP,Direct fine-tuning,0,15,0.30713124441683337
SMP,Direct fine-tuning,5,1,0.23597430187636442
SMP,Direct fine-tuning,5,2,0.23659374232350863
SMP,Direct fine-tuning,5,3,0.25348297536950615
SMP,Direct fine-tuning,5,4,0.23940317137296535
SMP,Direct fine-tuning,5,5,0.24080245466235523
SMP,Direct fine-tuning,5,6,0.23523601068667827
SMP,Direct fine-tuning,5,7,0.25624267525241734
SMP,Direct fine-tuning,5,8,0.23750068754060918
SMP,Direct fine-tuning,5,9,0.248743286537143
SMP,Direct fine-tuning,5,10,0.23580552201936736
SMP,Direct fine-tuning,5,11,0.24165892279170342
SMP,Direct fine-tuning,5,12,0.2433763616809192
SMP,Direct fine-tuning,5,13,0.2391641277800986
SMP,Direct fine-tuning,5,14,0.23723858662767028
SMP,Direct fine-tuning,5,15,0.235445389813905
SMP,Direct fine-tuning,10,1,0.19274427686362144
SMP,Direct fine-tuning,10,2,0.19298691594865075
SMP,Direct fine-tuning,10,3,0.19229462163561625
SMP,Direct fine-tuning,10,4,0.20883600763335589
SMP,Direct fine-tuning,10,5,0.19005918151758644
SMP,Direct fine-tuning,10,6,0.1890687537381917
SMP,Direct fine-tuning,10,7,0.19813491781063863
SMP,Direct fine-tuning,10,8,0.19576584182865858
SMP,Direct fine-tuning,10,9,0.20119658451261174
SMP,Direct fine-tuning,10,10,0.20620715679305207
SMP,Direct fine-tuning,10,11,0.1861226507223358
SMP,Direct fine-tuning,10,12,0.18960502585251393
SMP,Direct fine-tuning,10,13,0.18623388626357926
SMP,Direct fine-tuning,10,14,0.17977581631474576
SMP,Direct fine-tuning,10,15,0.18760693040101398
SMP,Direct fine-tuning,20,1,0.16498641261852165
SMP,Direct fine-tuning,20,2,0.15653044492387166
SMP,Direct fine-tuning,20,3,0.14180427401873974
SMP,Direct fine-tuning,20,4,0.1566330885550753
SMP,Direct fine-tuning,20,5,0.15987624719297355
SMP,Direct fine-tuning,20,6,0.14604075072258407
SMP,Direct fine-tuning,20,7,0.15445062170561413
SMP,Direct fine-tuning,20,8,0.1414491171938986
SMP,Direct fine-tuning,20,9,0.16300344534810335
SMP,Direct fine-tuning,20,10,0.1570380275930158
SMP,Direct fine-tuning,20,11,0.14644773935228908
SMP,Direct fine-tuning,20,12,0.14619481280414465
SMP,Direct fine-tuning,20,13,0.15605826008133258
SMP,Direct fine-tuning,20,14,0.15098435022381176
SMP,Direct fine-tuning,20,15,0.1591402257123841
SMP,Shared backbone,0,1,0.248776335551573
SMP,Shared backbone,0,2,0.23772659917111869
SMP,Shared backbone,0,3,0.24115862573423397
SMP,Shared backbone,0,4,0.2200631084260237
SMP,Shared backbone,0,5,0.24981956361432564
SMP,Shared backbone,0,6,0.23644840863429809
SMP,Shared backbone,0,7,0.2588618725555237
SMP,Shared backbone,0,8,0.28324683027054204
SMP,Shared backbone,0,9,0.24277091109620422
SMP,Shared backbone,0,10,0.22549449585155149
SMP,Shared backbone,0,11,0.2547967068832852
SMP,Shared backbone,0,12,0.2344128975831787
SMP,Shared backbone,0,13,0.2623442447897942
SMP,Shared backbone,0,14,0.25511569243859517
SMP,Shared backbone,0,15,0.22911766143162818
SMP,Shared backbone,5,1,0.20138374049406801
SMP,Shared backbone,5,2,0.18708860125332533
SMP,Shared backbone,5,3,0.20469327289079073
SMP,Shared backbone,5,4,0.19591134761876194
SMP,Shared backbone,5,5,0.1815393803356609
SMP,Shared backbone,5,6,0.19608238297693367
SMP,Shared backbone,5,7,0.19639605765040719
SMP,Shared backbone,5,8,0.18341520074850595
SMP,Shared backbone,5,9,0.2009613493448089
SMP,Shared backbone,5,10,0.1884854450751728
SMP,Shared backbone,5,11,0.17750199592949842
SMP,Shared backbone,5,12,0.1884272628004437
SMP,Shared backbone,5,13,0.1866329030073958
SMP,Shared backbone,5,14,0.19920054665575826
SMP,Shared backbone,5,15,0.18874712172823455
SMP,Shared backbone,10,1,0.15084802600907699
SMP,Shared backbone,10,2,0.1644751837823266
SMP,Shared backbone,10,3,0.16230117927511156
SMP,Shared backbone,10,4,0.14787973135890484
SMP,Shared backbone,10,5,0.17215691269279415
SMP,Shared backbone,10,6,0.1679557592645961
SMP,Shared backbone,10,7,0.13822218907113634
SMP,Shared backbone,10,8,0.1586164077205325
SMP,Shared backbone,10,9,0.13949125479380206
SMP,Shared backbone,10,10,0.15189939046118187
SMP,Shared backbone,10,11,0.1484284550835931
SMP,Shared backbone,10,12,0.14928160851218392
SMP,Shared backbone,10,13,0.150983664539392
SMP,Shared backbone,10,14,0.14621636107319777
SMP,Shared backbone,10,15,0.1487784044597449
SMP,Shared backbone,20,1,0.11755783603292476
SMP,Shared backbone,20,2,0.11901463877497702
SMP,Shared backbone,20,3,0.10962593337964383
SMP,Shared backbone,20,4,0.12600901928446412
SMP,Shared backbone,20,5,0.12049410398972345
SMP,Shared backbone,20,6,0.12516899118546065
SMP,Shared backbone,20,7,0.1224403156371493
SMP,Shared backbone,20,8,0.11800288227763678
SMP,Shared backbone,20,9,0.12062837049863907
SMP,Shared backbone,20,10,0.13560041045589996
SMP,Shared backbone,20,11,0.1360460282979588
SMP,Shared backbone,20,12,0.11761869598100418
SMP,Shared backbone,20,13,0.12500116122938373
SMP,Shared backbone,20,14,0.1146590890026793
SMP,Shared backbone,20,15,0.1159719371383888
SMP,Proposed + gate,0,1,0.195895790277708
SMP,Proposed + gate,0,2,0.21585952099022906
SMP,Proposed + gate,0,3,0.22089879039102303
SMP,Proposed + gate,0,4,0.24987396593590566
SMP,Proposed + gate,0,5,0.1986728555970871
SMP,Proposed + gate,0,6,0.18810657129154065
SMP,Proposed + gate,0,7,0.22816247657697233
SMP,Proposed + gate,0,8,0.22525733244880605
SMP,Proposed + gate,0,9,0.19763412788201426
SMP,Proposed + gate,0,10,0.22363354571587715
SMP,Proposed + gate,0,11,0.19629224635312095
SMP,Proposed + gate,0,12,0.23106391817724528
SMP,Proposed + gate,0,13,0.20374247939392195
SMP,Proposed + gate,0,14,0.23306708885932942
SMP,Proposed + gate,0,15,0.2098947475176486
SMP,Proposed + gate,5,1,0.17104597997099946
SMP,Proposed + gate,5,2,0.16317438746971036
SMP,Proposed + gate,5,3,0.14913313102731102
SMP,Proposed + gate,5,4,0.1758547550701844
SMP,Proposed + gate,5,5,0.1521462632167748
SMP,Proposed + gate,5,6,0.17472818010240737
SMP,Proposed + gate,5,7,0.16720734963249415
SMP,Proposed + gate,5,8,0.17180993034880238
SMP,Proposed + gate,5,9,0.16910856912697975
SMP,Proposed + gate,5,10,0.15651581942939452
SMP,Proposed + gate,5,11,0.15635626121837742
SMP,Proposed + gate,5,12,0.15924487543028723
SMP,Proposed + gate,5,13,0.15697162321104038
SMP,Proposed + gate,5,14,0.16568131705932512
SMP,Proposed + gate,5,15,0.16068755479591432
SMP,Proposed + gate,10,1,0.1361883915091993
SMP,Proposed + gate,10,2,0.13708478305501157
SMP,Proposed + gate,10,3,0.12000287092023441
SMP,Proposed + gate,10,4,0.11803047878461849
SMP,Proposed + gate,10,5,0.13737092731599215
SMP,Proposed + gate,10,6,0.12132546296353666
SMP,Proposed + gate,10,7,0.12509406397378728
SMP,Proposed + gate,10,8,0.13356326407270194
SMP,Proposed + gate,10,9,0.12115012163896369
SMP,Proposed + gate,10,10,0.1423553513303105
SMP,Proposed + gate,10,11,0.1323479151866485
SMP,Proposed + gate,10,12,0.12972289533722614
SMP,Proposed + gate,10,13,0.14512579780268947
SMP,Proposed + gate,10,14,0.13379370817032268
SMP,Proposed + gate,10,15,0.12903851217899434
SMP,Proposed + gate,20,1,0.0855388155372605
SMP,Proposed + gate,20,2,0.10591856591459664
SMP,Proposed + gate,20,3,0.0932906628037746
SMP,Proposed + gate,20,4,0.09881737735797841
SMP,Proposed + gate,20,5,0.10731478040499497
SMP,Proposed + gate,20,6,0.11495578707841243
SMP,Proposed + gate,20,7,0.10862121936137087
SMP,Proposed + gate,20,8,0.10772305676078436
SMP,Proposed + gate,20,9,0.09490912633672068
SMP,Proposed + gate,20,10,0.1069658882392184
SMP,Proposed + gate,20,11,0.10859560716222759
SMP,Proposed + gate,20,12,0.09721893193032533
SMP,Proposed + gate,20,13,0.1013095796097921
SMP,Proposed + gate,20,14,0.09778517524975518
SMP,Proposed + gate,20,15,0.11321732938871737
Hydrogel,From scratch,0,1,0.42
Hydrogel,From scratch,0,2,0.42
Hydrogel,From scratch,0,3,0.42
Hydrogel,From scratch,0,4,0.42
Hydrogel,From scratch,0,5,0.42
Hydrogel,From scratch,0,6,0.42
Hydrogel,From scratch,0,7,0.42
Hydrogel,From scratch,0,8,0.42
Hydrogel,From scratch,0,9,0.42
Hydrogel,From scratch,0,10,0.42
Hydrogel,From scratch,0,11,0.42
Hydrogel,From scratch,0,12,0.42
Hydrogel,From scratch,0,13,0.42
Hydrogel,From scratch,0,14,0.42
Hydrogel,From scratch,0,15,0.42
Hydrogel,From scratch,5,1,0.39593748073362955
Hydrogel,From scratch,5,2,0.39098307281095457
Hydrogel,From scratch,5,3,0.3797486599298038
Hydrogel,From scratch,5,4,0.36645951124195775
Hydrogel,From scratch,5,5,0.3947450260677263
Hydrogel,From scratch,5,6,0.39827843204155594
Hydrogel,From scratch,5,7,0.3885588296595139
Hydrogel,From scratch,5,8,0.3944478236322839
Hydrogel,From scratch,5,9,0.38011243285355567
Hydrogel,From scratch,5,10,0.40025213780323593
Hydrogel,From scratch,5,11,0.3859765880640909
Hydrogel,From scratch,5,12,0.3836069268325538
Hydrogel,From scratch,5,13,0.3885317524341712
Hydrogel,From scratch,5,14,0.380166049859893
Hydrogel,From scratch,5,15,0.3855708600955679
Hydrogel,From scratch,10,1,0.32046651823229155
Hydrogel,From scratch,10,2,0.3142689865172728
Hydrogel,From scratch,10,3,0.3049336722665034
Hydrogel,From scratch,10,4,0.30832635107001805
Hydrogel,From scratch,10,5,0.3110917842637894
Hydrogel,From scratch,10,6,0.306510903647875
Hydrogel,From scratch,10,7,0.312932079860559
Hydrogel,From scratch,10,8,0.30716861118754035
Hydrogel,From scratch,10,9,0.30897704280052746
Hydrogel,From scratch,10,10,0.31660008685890917
Hydrogel,From scratch,10,11,0.3004098008978103
Hydrogel,From scratch,10,12,0.3101788032781051
Hydrogel,From scratch,10,13,0.3014790508620433
Hydrogel,From scratch,10,14,0.30768800399724816
Hydrogel,From scratch,10,15,0.3005478371455794
Hydrogel,From scratch,20,1,0.24737624645091694
Hydrogel,From scratch,20,2,0.2385475819048791
Hydrogel,From scratch,20,3,0.25483020860659245
Hydrogel,From scratch,20,4,0.2593335239842689
Hydrogel,From scratch,20,5,0.24056653111640544
Hydrogel,From scratch,20,6,0.23693595611110177
Hydrogel,From scratch,20,7,0.248574652647751
Hydrogel,From scratch,20,8,0.2475162323910113
Hydrogel,From scratch,20,9,0.2304650307973008
Hydrogel,From scratch,20,10,0.23125443521149947
Hydrogel,From scratch,20,11,0.2610831734296898
Hydrogel,From scratch,20,12,0.24320793352220868
Hydrogel,From scratch,20,13,0.2723050381619351
Hydrogel,From scratch,20,14,0.24661637375931256
Hydrogel,From scratch,20,15,0.25013303543905885
Hydrogel,Direct fine-tuning,0,1,0.3891156602011454
Hydrogel,Direct fine-tuning,0,2,0.3706951091276442
Hydrogel,Direct fine-tuning,0,3,0.3883738884793577
Hydrogel,Direct fine-tuning,0,4,0.41265299322267013
Hydrogel,Direct fine-tuning,0,5,0.41494552879442703
Hydrogel,Direct fine-tuning,0,6,0.39698204498135636
Hydrogel,Direct fine-tuning,0,7,0.37286395847183895
Hydrogel,Direct fine-tuning,0,8,0.3608809611368832
Hydrogel,Direct fine-tuning,0,9,0.3959489685746115
Hydrogel,Direct fine-tuning,0,10,0.4137989126122936
Hydrogel,Direct fine-tuning,0,11,0.3643054195227071
Hydrogel,Direct fine-tuning,0,12,0.37694757792532513
Hydrogel,Direct fine-tuning,0,13,0.3900722020872345
Hydrogel,Direct fine-tuning,0,14,0.3948040229269457
Hydrogel,Direct fine-tuning,0,15,0.38802169020677213
Hydrogel,Direct fine-tuning,5,1,0.3042502095260009
Hydrogel,Direct fine-tuning,5,2,0.29962074631595564
Hydrogel,Direct fine-tuning,5,3,0.3145895530418361
Hydrogel,Direct fine-tuning,5,4,0.30444506283346506
Hydrogel,Direct fine-tuning,5,5,0.31077173863020585
Hydrogel,Direct fine-tuning,5,6,0.3113136509639482
Hydrogel,Direct fine-tuning,5,7,0.298772743823327
Hydrogel,Direct fine-tuning,5,8,0.3059431601620212
Hydrogel,Direct fine-tuning,5,9,0.30679431105514193
Hydrogel,Direct fine-tuning,5,10,0.30767688089403367
Hydrogel,Direct fine-tuning,5,11,0.3161083898592851
Hydrogel,Direct fine-tuning,5,12,0.31221105111093456
Hydrogel,Direct fine-tuning,5,13,0.29620873944971504
Hydrogel,Direct fine-tuning,5,14,0.3032066357141211
Hydrogel,Direct fine-tuning,5,15,0.2930760479910005
Hydrogel,Direct fine-tuning,10,1,0.24954210896108492
Hydrogel,Direct fine-tuning,10,2,0.2508541999513639
Hydrogel,Direct fine-tuning,10,3,0.2543185501318227
Hydrogel,Direct fine-tuning,10,4,0.24146738478078544
Hydrogel,Direct fine-tuning,10,5,0.2543159451623846
Hydrogel,Direct fine-tuning,10,6,0.26472162112783415
Hydrogel,Direct fine-tuning,10,7,0.26511659899679957
Hydrogel,Direct fine-tuning,10,8,0.25352835345612523
Hydrogel,Direct fine-tuning,10,9,0.24657051872823008
Hydrogel,Direct fine-tuning,10,10,0.2388504063957958
Hydrogel,Direct fine-tuning,10,11,0.24899874694499768
Hydrogel,Direct fine-tuning,10,12,0.26027806031744544
Hydrogel,Direct fine-tuning,10,13,0.2466847527300509
Hydrogel,Direct fine-tuning,10,14,0.24421858288303902
Hydrogel,Direct fine-tuning,10,15,0.2507764671676006
Hydrogel,Direct fine-tuning,20,1,0.20173110444173506
Hydrogel,Direct fine-tuning,20,2,0.19483201599893402
Hydrogel,Direct fine-tuning,20,3,0.18793260416738333
Hydrogel,Direct fine-tuning,20,4,0.20536411671509625
Hydrogel,Direct fine-tuning,20,5,0.2008309315328311
Hydrogel,Direct fine-tuning,20,6,0.20970665250543954
Hydrogel,Direct fine-tuning,20,7,0.19351200789469028
Hydrogel,Direct fine-tuning,20,8,0.1846936316338988
Hydrogel,Direct fine-tuning,20,9,0.190243608233559
Hydrogel,Direct fine-tuning,20,10,0.19786081472947695
Hydrogel,Direct fine-tuning,20,11,0.1929745218631005
Hydrogel,Direct fine-tuning,20,12,0.19156988476228462
Hydrogel,Direct fine-tuning,20,13,0.1971903495689226
Hydrogel,Direct fine-tuning,20,14,0.199512463355585
Hydrogel,Direct fine-tuning,20,15,0.18637200775968005
Hydrogel,Shared backbone,0,1,0.27170134418815806
Hydrogel,Shared backbone,0,2,0.3028472719720745
Hydrogel,Shared backbone,0,3,0.32171443115243376
Hydrogel,Shared backbone,0,4,0.3144777334146466
Hydrogel,Shared backbone,0,5,0.3190191507098445
Hydrogel,Shared backbone,0,6,0.3658158190792714
Hydrogel,Shared backbone,0,7,0.3338962269998245
Hydrogel,Shared backbone,0,8,0.3116231080396137
Hydrogel,Shared backbone,0,9,0.3267603444707001
Hydrogel,Shared backbone,0,10,0.28859592068212286
Hydrogel,Shared backbone,0,11,0.3254403983543281
Hydrogel,Shared backbone,0,12,0.307223735492517
Hydrogel,Shared backbone,0,13,0.2816024572857315
Hydrogel,Shared backbone,0,14,0.342025877481305
Hydrogel,Shared backbone,0,15,0.3368537280738144
Hydrogel,Shared backbone,5,1,0.25225348562601796
Hydrogel,Shared backbone,5,2,0.24031704362456274
Hydrogel,Shared backbone,5,3,0.2514019384035764
Hydrogel,Shared backbone,5,4,0.2531774953016201
Hydrogel,Shared backbone,5,5,0.24222700521226986
Hydrogel,Shared backbone,5,6,0.23390140147788543
Hydrogel,Shared backbone,5,7,0.2509763226153955
Hydrogel,Shared backbone,5,8,0.24055316036392393
Hydrogel,Shared backbone,5,9,0.2554260976760438
Hydrogel,Shared backbone,5,10,0.23952732973413465
Hydrogel,Shared backbone,5,11,0.2387820493714533
Hydrogel,Shared backbone,5,12,0.23471882553445134
Hydrogel,Shared backbone,5,13,0.24860478267541247
Hydrogel,Shared backbone,5,14,0.2491848057889871
Hydrogel,Shared backbone,5,15,0.2466323341554765
Hydrogel,Shared backbone,10,1,0.19598946315279703
Hydrogel,Shared backbone,10,2,0.19348413735715142
Hydrogel,Shared backbone,10,3,0.1859214568319827
Hydrogel,Shared backbone,10,4,0.20271920467632124
Hydrogel,Shared backbone,10,5,0.18779363528559334
Hydrogel,Shared backbone,10,6,0.18638045227925557
Hydrogel,Shared backbone,10,7,0.2128599073271729
Hydrogel,Shared backbone,10,8,0.19739595562171977
Hydrogel,Shared backbone,10,9,0.18822739224949483
Hydrogel,Shared backbone,10,10,0.2006411317624886
Hydrogel,Shared backbone,10,11,0.1969432505495196
Hydrogel,Shared backbone,10,12,0.19619871546761894
Hydrogel,Shared backbone,10,13,0.19329919630532405
Hydrogel,Shared backbone,10,14,0.2011970308501146
Hydrogel,Shared backbone,10,15,0.17743317744855014
Hydrogel,Shared backbone,20,1,0.1748842091644626
Hydrogel,Shared backbone,20,2,0.1654334281813408
Hydrogel,Shared backbone,20,3,0.1625654241613473
Hydrogel,Shared backbone,20,4,0.16839131814506522
Hydrogel,Shared backbone,20,5,0.1536383423014991
Hydrogel,Shared backbone,20,6,0.1644861183571468
Hydrogel,Shared backbone,20,7,0.1552240612083693
Hydrogel,Shared backbone,20,8,0.155657706803707
Hydrogel,Shared backbone,20,9,0.15628500561098319
Hydrogel,Shared backbone,20,10,0.15948714676869372
Hydrogel,Shared backbone,20,11,0.1625615722027127
Hydrogel,Shared backbone,20,12,0.1534097898371305
Hydrogel,Shared backbone,20,13,0.15266429038148605
Hydrogel,Shared backbone,20,14,0.16736276328656297
Hydrogel,Shared backbone,20,15,0.171191636201357
Hydrogel,Proposed + gate,0,1,0.29996337075578067
Hydrogel,Proposed + gate,0,2,0.3259407747498201
Hydrogel,Proposed + gate,0,3,0.3050364389612806
Hydrogel,Proposed + gate,0,4,0.30457567603588837
Hydrogel,Proposed + gate,0,5,0.29335595750154525
Hydrogel,Proposed + gate,0,6,0.30055885386305387
Hydrogel,Proposed + gate,0,7,0.2824278287954479
Hydrogel,Proposed + gate,0,8,0.29310548355179583
Hydrogel,Proposed + gate,0,9,0.2510542919538469
Hydrogel,Proposed + gate,0,10,0.2798962878561253
Hydrogel,Proposed + gate,0,11,0.2832446998989806
Hydrogel,Proposed + gate,0,12,0.3099777870123513
Hydrogel,Proposed + gate,0,13,0.3013054062106788
Hydrogel,Proposed + gate,0,14,0.28731445885250606
Hydrogel,Proposed + gate,0,15,0.30688096043353047
Hydrogel,Proposed + gate,5,1,0.2246269693354978
Hydrogel,Proposed + gate,5,2,0.22615692750221458
Hydrogel,Proposed + gate,5,3,0.2208158959412634
Hydrogel,Proposed + gate,5,4,0.22541661420020856
Hydrogel,Proposed + gate,5,5,0.22443819014260113
Hydrogel,Proposed + gate,5,6,0.22004330290851665
Hydrogel,Proposed + gate,5,7,0.2267293962561339
Hydrogel,Proposed + gate,5,8,0.21418730431982952
Hydrogel,Proposed + gate,5,9,0.226694937443636
Hydrogel,Proposed + gate,5,10,0.2187627372684208
Hydrogel,Proposed + gate,5,11,0.2350840792787596
Hydrogel,Proposed + gate,5,12,0.20803427122800572
Hydrogel,Proposed + gate,5,13,0.2255519786447309
Hydrogel,Proposed + gate,5,14,0.22146638012848252
Hydrogel,Proposed + gate,5,15,0.22796051235291134
Hydrogel,Proposed + gate,10,1,0.18849275534232354
Hydrogel,Proposed + gate,10,2,0.18155279406040412
Hydrogel,Proposed + gate,10,3,0.1572495935986072
Hydrogel,Proposed + gate,10,4,0.18284710026946158
Hydrogel,Proposed + gate,10,5,0.1628976381522793
Hydrogel,Proposed + gate,10,6,0.16608229100692737
Hydrogel,Proposed + gate,10,7,0.17948484260784972
Hydrogel,Proposed + gate,10,8,0.18902973509431562
Hydrogel,Proposed + gate,10,9,0.17817251908736398
Hydrogel,Proposed + gate,10,10,0.1678706614636006
Hydrogel,Proposed + gate,10,11,0.1790538174094748
Hydrogel,Proposed + gate,10,12,0.17431826944972578
Hydrogel,Proposed + gate,10,13,0.18203515429657058
Hydrogel,Proposed + gate,10,14,0.17967807925710433
Hydrogel,Proposed + gate,10,15,0.18138612146954658
Hydrogel,Proposed + gate,20,1,0.13494984698425702
Hydrogel,Proposed + gate,20,2,0.13852751628157772
Hydrogel,Proposed + gate,20,3,0.14343321026984063
Hydrogel,Proposed + gate,20,4,0.13746263043992288
Hydrogel,Proposed + gate,20,5,0.1508983150161839
Hydrogel,Proposed + gate,20,6,0.12932995933491898
Hydrogel,Proposed + gate,20,7,0.15296417039919344
Hydrogel,Proposed + gate,20,8,0.13056844600227102
Hydrogel,Proposed + gate,20,9,0.1384059362871565
Hydrogel,Proposed + gate,20,10,0.14665439513179795
Hydrogel,Proposed + gate,20,11,0.12805552323113642
Hydrogel,Proposed + gate,20,12,0.13420433131885137
Hydrogel,Proposed + gate,20,13,0.1399173983097277
Hydrogel,Proposed + gate,20,14,0.134641416728852
Hydrogel,Proposed + gate,20,15,0.13600853021929385
DEA,From scratch,0,1,0.42
DEA,From scratch,0,2,0.42
DEA,From scratch,0,3,0.3950806075168004
DEA,From scratch,0,4,0.42
DEA,From scratch,0,5,0.3619898686066274
DEA,From scratch,0,6,0.42
DEA,From scratch,0,7,0.42
DEA,From scratch,0,8,0.42
DEA,From scratch,0,9,0.3715352537015735
DEA,From scratch,0,10,0.4037949517598956
DEA,From scratch,0,11,0.39600013804776335
DEA,From scratch,0,12,0.41626802965008897
DEA,From scratch,0,13,0.40434866880038645
DEA,From scratch,0,14,0.4180918899104356
DEA,From scratch,0,15,0.42
DEA,From scratch,5,1,0.3338775140478545
DEA,From scratch,5,2,0.3374080032738094
DEA,From scratch,5,3,0.3420601587682047
DEA,From scratch,5,4,0.3174672947782863
DEA,From scratch,5,5,0.32269444493419563
DEA,From scratch,5,6,0.3389393338567419
DEA,From scratch,5,7,0.3193257742479881
DEA,From scratch,5,8,0.3325715517071377
DEA,From scratch,5,9,0.33747656871121895
DEA,From scratch,5,10,0.32116819728063095
DEA,From scratch,5,11,0.33795872586676146
DEA,From scratch,5,12,0.3452854978143318
DEA,From scratch,5,13,0.32877493107025724
DEA,From scratch,5,14,0.3387107773260142
DEA,From scratch,5,15,0.33635181327538927
DEA,From scratch,10,1,0.2780774566681115
DEA,From scratch,10,2,0.2536213676148843
DEA,From scratch,10,3,0.25006045104922553
DEA,From scratch,10,4,0.2646852100205886
DEA,From scratch,10,5,0.2768485522934423
DEA,From scratch,10,6,0.276532901874705
DEA,From scratch,10,7,0.27105427892878337
DEA,From scratch,10,8,0.2684878768037461
DEA,From scratch,10,9,0.2582120493624161
DEA,From scratch,10,10,0.262604489580357
DEA,From scratch,10,11,0.26651111543467254
DEA,From scratch,10,12,0.27459992713571824
DEA,From scratch,10,13,0.28999585609020456
DEA,From scratch,10,14,0.26865501550559573
DEA,From scratch,10,15,0.26153066532719
DEA,From scratch,20,1,0.20015460270641383
DEA,From scratch,20,2,0.2127680500829855
DEA,From scratch,20,3,0.20104531748713395
DEA,From scratch,20,4,0.20601498285978687
DEA,From scratch,20,5,0.21443979861888876
DEA,From scratch,20,6,0.20631795414250767
DEA,From scratch,20,7,0.20494197743738327
DEA,From scratch,20,8,0.21322353385571008
DEA,From scratch,20,9,0.2045101573843851
DEA,From scratch,20,10,0.22116376750689537
DEA,From scratch,20,11,0.2042518797898776
DEA,From scratch,20,12,0.21122788298009734
DEA,From scratch,20,13,0.21888320732614375
DEA,From scratch,20,14,0.19914257489271397
DEA,From scratch,20,15,0.19967565833055628
DEA,Direct fine-tuning,0,1,0.3283245025858321
DEA,Direct fine-tuning,0,2,0.3375912823054987
DEA,Direct fine-tuning,0,3,0.37062356669092883
DEA,Direct fine-tuning,0,4,0.3579164425076875
DEA,Direct fine-tuning,0,5,0.3398630322946128
DEA,Direct fine-tuning,0,6,0.3647136858892252
DEA,Direct fine-tuning,0,7,0.3406665502081353
DEA,Direct fine-tuning,0,8,0.3448970421115874
DEA,Direct fine-tuning,0,9,0.34823391284866057
DEA,Direct fine-tuning,0,10,0.3498993397457161
DEA,Direct fine-tuning,0,11,0.33826649837725603
DEA,Direct fine-tuning,0,12,0.339406475855827
DEA,Direct fine-tuning,0,13,0.336171767122159
DEA,Direct fine-tuning,0,14,0.3762770311229672
DEA,Direct fine-tuning,0,15,0.32827847037832303
DEA,Direct fine-tuning,5,1,0.25199279151546505
DEA,Direct fine-tuning,5,2,0.27421185202569914
DEA,Direct fine-tuning,5,3,0.26078282151812654
DEA,Direct fine-tuning,5,4,0.27233816109861847
DEA,Direct fine-tuning,5,5,0.2703232008059868
DEA,Direct fine-tuning,5,6,0.2589930916397672
DEA,Direct fine-tuning,5,7,0.2688335716008539
DEA,Direct fine-tuning,5,8,0.2550983402719709
DEA,Direct fine-tuning,5,9,0.2711710200748748
DEA,Direct fine-tuning,5,10,0.28536043162452873
DEA,Direct fine-tuning,5,11,0.2647572374424186
DEA,Direct fine-tuning,5,12,0.2567592485452935
DEA,Direct fine-tuning,5,13,0.2666638386074323
DEA,Direct fine-tuning,5,14,0.2757507919438058
DEA,Direct fine-tuning,5,15,0.27408351279865395
DEA,Direct fine-tuning,10,1,0.23471548001192322
DEA,Direct fine-tuning,10,2,0.2197618378205018
DEA,Direct fine-tuning,10,3,0.21402260846520665
DEA,Direct fine-tuning,10,4,0.23086378645872552
DEA,Direct fine-tuning,10,5,0.22605579754286145
DEA,Direct fine-tuning,10,6,0.2120503233045446
DEA,Direct fine-tuning,10,7,0.22097513329598392
DEA,Direct fine-tuning,10,8,0.2178628496227443
DEA,Direct fine-tuning,10,9,0.21342542080299912
DEA,Direct fine-tuning,10,10,0.20823514720706635
DEA,Direct fine-tuning,10,11,0.20951850556671317
DEA,Direct fine-tuning,10,12,0.21751558625902756
DEA,Direct fine-tuning,10,13,0.20479262455041697
DEA,Direct fine-tuning,10,14,0.22640065846219415
DEA,Direct fine-tuning,10,15,0.20275180572322477
DEA,Direct fine-tuning,20,1,0.16076810061413063
DEA,Direct fine-tuning,20,2,0.16498200652044684
DEA,Direct fine-tuning,20,3,0.1699289810828433
DEA,Direct fine-tuning,20,4,0.17148633808622582
DEA,Direct fine-tuning,20,5,0.16342017224651245
DEA,Direct fine-tuning,20,6,0.1620189840922927
DEA,Direct fine-tuning,20,7,0.1673298879260681
DEA,Direct fine-tuning,20,8,0.17817960388708812
DEA,Direct fine-tuning,20,9,0.1745476689817034
DEA,Direct fine-tuning,20,10,0.16262317476896385
DEA,Direct fine-tuning,20,11,0.16965046098944145
DEA,Direct fine-tuning,20,12,0.17583761367950604
DEA,Direct fine-tuning,20,13,0.16897661236185976
DEA,Direct fine-tuning,20,14,0.17052548075138613
DEA,Direct fine-tuning,20,15,0.15943722015797696
DEA,Shared backbone,0,1,0.24086685430985907
DEA,Shared backbone,0,2,0.28143645907622716
DEA,Shared backbone,0,3,0.2887998163753073
DEA,Shared backbone,0,4,0.24763920679386936
DEA,Shared backbone,0,5,0.24061827599437796
DEA,Shared backbone,0,6,0.2693523529653551
DEA,Shared backbone,0,7,0.28384744167476633
DEA,Shared backbone,0,8,0.2697437555715903
DEA,Shared backbone,0,9,0.25858102397702515
DEA,Shared backbone,0,10,0.2917442178677274
DEA,Shared backbone,0,11,0.26965955940029246
DEA,Shared backbone,0,12,0.25337777292385666
DEA,Shared backbone,0,13,0.2636198729732415
DEA,Shared backbone,0,14,0.27729926411725003
DEA,Shared backbone,0,15,0.25772746641348876
DEA,Shared backbone,5,1,0.21714614693330134
DEA,Shared backbone,5,2,0.22036021433737227
DEA,Shared backbone,5,3,0.21461906737834008
DEA,Shared backbone,5,4,0.2171937102084725
DEA,Shared backbone,5,5,0.20324062057264772
DEA,Shared backbone,5,6,0.21780967612240326
DEA,Shared backbone,5,7,0.19399215511689916
DEA,Shared backbone,5,8,0.22019263754607332
DEA,Shared backbone,5,9,0.20142090031039206
DEA,Shared backbone,5,10,0.1913771770097437
DEA,Shared backbone,5,11,0.20183013911113884
DEA,Shared backbone,5,12,0.22944722501812825
DEA,Shared backbone,5,13,0.23460806500734308
DEA,Shared backbone,5,14,0.21514596265657895
DEA,Shared backbone,5,15,0.2148268521698599
DEA,Shared backbone,10,1,0.18041126751000747
DEA,Shared backbone,10,2,0.16228851156835622
DEA,Shared backbone,10,3,0.16839766987255372
DEA,Shared backbone,10,4,0.17775629796746206
DEA,Shared backbone,10,5,0.17277888659464868
DEA,Shared backbone,10,6,0.1560173100392082
DEA,Shared backbone,10,7,0.17108081906879657
DEA,Shared backbone,10,8,0.16423384605319985
DEA,Shared backbone,10,9,0.18194226262684202
DEA,Shared backbone,10,10,0.16149408300201043
DEA,Shared backbone,10,11,0.17845287697116632
DEA,Shared backbone,10,12,0.16577260961534335
DEA,Shared backbone,10,13,0.17157966738886024
DEA,Shared backbone,10,14,0.1718395211551678
DEA,Shared backbone,10,15,0.167008292334083
DEA,Shared backbone,20,1,0.14142085581749722
DEA,Shared backbone,20,2,0.13814999052453197
DEA,Shared backbone,20,3,0.14763764854293546
DEA,Shared backbone,20,4,0.1253494366177343
DEA,Shared backbone,20,5,0.12054366909235184
DEA,Shared backbone,20,6,0.13475166752675138
DEA,Shared backbone,20,7,0.1261525176102983
DEA,Shared backbone,20,8,0.14141658757143005
DEA,Shared backbone,20,9,0.13073258519141134
DEA,Shared backbone,20,10,0.11312352993318366
DEA,Shared backbone,20,11,0.1252617305408395
DEA,Shared backbone,20,12,0.13876665976353406
DEA,Shared backbone,20,13,0.12344243030295227
DEA,Shared backbone,20,14,0.13175095257379646
DEA,Shared backbone,20,15,0.12807989361794123
DEA,Proposed + gate,0,1,0.22657133147104327
DEA,Proposed + gate,0,2,0.22808550295286498
DEA,Proposed + gate,0,3,0.20699390679347643
DEA,Proposed + gate,0,4,0.23061763649813952
DEA,Proposed + gate,0,5,0.2284216752939853
DEA,Proposed + gate,0,6,0.24464033502141416
DEA,Proposed + gate,0,7,0.2633421485610907
DEA,Proposed + gate,0,8,0.3105175803393262
DEA,Proposed + gate,0,9,0.19883093259849136
DEA,Proposed + gate,0,10,0.2532671884024725
DEA,Proposed + gate,0,11,0.22128822456926725
DEA,Proposed + gate,0,12,0.22964126739770324
DEA,Proposed + gate,0,13,0.24785155060159564
DEA,Proposed + gate,0,14,0.21957402914515653
DEA,Proposed + gate,0,15,0.2346712274004159
DEA,Proposed + gate,5,1,0.18130411674211058
DEA,Proposed + gate,5,2,0.17524388986382386
DEA,Proposed + gate,5,3,0.18910218548066376
DEA,Proposed + gate,5,4,0.18232877242611342
DEA,Proposed + gate,5,5,0.16550381475217174
DEA,Proposed + gate,5,6,0.17879649256330582
DEA,Proposed + gate,5,7,0.17126348771821157
DEA,Proposed + gate,5,8,0.16963169407811607
DEA,Proposed + gate,5,9,0.1778447771259889
DEA,Proposed + gate,5,10,0.1803448097567734
DEA,Proposed + gate,5,11,0.16955258990756084
DEA,Proposed + gate,5,12,0.18007703698533425
DEA,Proposed + gate,5,13,0.1731070793871309
DEA,Proposed + gate,5,14,0.16483523531987154
DEA,Proposed + gate,5,15,0.17092137070642022
DEA,Proposed + gate,10,1,0.14798268037352935
DEA,Proposed + gate,10,2,0.13825125167344274
DEA,Proposed + gate,10,3,0.13323568957646606
DEA,Proposed + gate,10,4,0.15911054164509125
DEA,Proposed + gate,10,5,0.13961552287068718
DEA,Proposed + gate,10,6,0.13526537891896398
DEA,Proposed + gate,10,7,0.14267512465760943
DEA,Proposed + gate,10,8,0.13582772982349342
DEA,Proposed + gate,10,9,0.1507156066285963
DEA,Proposed + gate,10,10,0.13446202831955148
DEA,Proposed + gate,10,11,0.1438385033132337
DEA,Proposed + gate,10,12,0.1301104356078112
DEA,Proposed + gate,10,13,0.1250557005645645
DEA,Proposed + gate,10,14,0.1282728544016266
DEA,Proposed + gate,10,15,0.12842521395805742
DEA,Proposed + gate,20,1,0.11130097015545296
DEA,Proposed + gate,20,2,0.10566762914169833
DEA,Proposed + gate,20,3,0.09832158966624183
DEA,Proposed + gate,20,4,0.11987373209787924
DEA,Proposed + gate,20,5,0.09898955632254448
DEA,Proposed + gate,20,6,0.09939009913142169
DEA,Proposed + gate,20,7,0.1064359864700593
DEA,Proposed + gate,20,8,0.10782219311995883
DEA,Proposed + gate,20,9,0.11073939631501759
DEA,Proposed + gate,20,10,0.10326564606493122
DEA,Proposed + gate,20,11,0.10330338975660223
DEA,Proposed + gate,20,12,0.09679028229592254
DEA,Proposed + gate,20,13,0.1263114674204605
DEA,Proposed + gate,20,14,0.11267898296101306
DEA,Proposed + gate,20,15,0.10892629760664299
MRC,From scratch,0,1,0.42
MRC,From scratch,0,2,0.40062608620403506
MRC,From scratch,0,3,0.4155952172536108
MRC,From scratch,0,4,0.42
MRC,From scratch,0,5,0.40408084306316006
MRC,From scratch,0,6,0.42
MRC,From scratch,0,7,0.41031096833615066
MRC,From scratch,0,8,0.3928746517379065
MRC,From scratch,0,9,0.42
MRC,From scratch,0,10,0.42
MRC,From scratch,0,11,0.3891686871348262
MRC,From scratch,0,12,0.42
MRC,From scratch,0,13,0.3864027318991252
MRC,From scratch,0,14,0.40904050538853143
MRC,From scratch,0,15,0.42
MRC,From scratch,5,1,0.3427786037507501
MRC,From scratch,5,2,0.3324578504580416
MRC,From scratch,5,3,0.36026842204546966
MRC,From scratch,5,4,0.33717892986250975
MRC,From scratch,5,5,0.3245804028281033
MRC,From scratch,5,6,0.30777134888399155
MRC,From scratch,5,7,0.3433428782725281
MRC,From scratch,5,8,0.3440607295760506
MRC,From scratch,5,9,0.33689892853168685
MRC,From scratch,5,10,0.3490859706589549
MRC,From scratch,5,11,0.33390882302407665
MRC,From scratch,5,12,0.3428385085441435
MRC,From scratch,5,13,0.3327050282966037
MRC,From scratch,5,14,0.32604496069654443
MRC,From scratch,5,15,0.3475040521277397
MRC,From scratch,10,1,0.2802328389667183
MRC,From scratch,10,2,0.2751552991066865
MRC,From scratch,10,3,0.28550199616458594
MRC,From scratch,10,4,0.27579698813104475
MRC,From scratch,10,5,0.28564931210594524
MRC,From scratch,10,6,0.2780539038774496
MRC,From scratch,10,7,0.2624559443319168
MRC,From scratch,10,8,0.289062740928725
MRC,From scratch,10,9,0.2809310391715453
MRC,From scratch,10,10,0.27518011352792654
MRC,From scratch,10,11,0.27534573181463295
MRC,From scratch,10,12,0.2694317093230721
MRC,From scratch,10,13,0.2633971861027874
MRC,From scratch,10,14,0.27425477522819103
MRC,From scratch,10,15,0.2606092976616005
MRC,From scratch,20,1,0.21353819117051817
MRC,From scratch,20,2,0.21634520109464067
MRC,From scratch,20,3,0.20821499409349015
MRC,From scratch,20,4,0.21334961372258882
MRC,From scratch,20,5,0.2014804675993402
MRC,From scratch,20,6,0.1903284511103682
MRC,From scratch,20,7,0.2216527126164906
MRC,From scratch,20,8,0.21939777381132036
MRC,From scratch,20,9,0.22815554214475722
MRC,From scratch,20,10,0.2149695167297697
MRC,From scratch,20,11,0.20765114634704793
MRC,From scratch,20,12,0.20083884545373468
MRC,From scratch,20,13,0.2014324807294572
MRC,From scratch,20,14,0.2133490304784434
MRC,From scratch,20,15,0.22544683964884957
MRC,Direct fine-tuning,0,1,0.3544960706891246
MRC,Direct fine-tuning,0,2,0.3434298280477473
MRC,Direct fine-tuning,0,3,0.3348839442874055
MRC,Direct fine-tuning,0,4,0.3754736659790254
MRC,Direct fine-tuning,0,5,0.3303602731163623
MRC,Direct fine-tuning,0,6,0.32825093836063834
MRC,Direct fine-tuning,0,7,0.3483368707783527
MRC,Direct fine-tuning,0,8,0.3814457018282474
MRC,Direct fine-tuning,0,9,0.362889961871867
MRC,Direct fine-tuning,0,10,0.3542669075312277
MRC,Direct fine-tuning,0,11,0.36019824798264355
MRC,Direct fine-tuning,0,12,0.31310114187612376
MRC,Direct fine-tuning,0,13,0.3237400389978828
MRC,Direct fine-tuning,0,14,0.332226981350018
MRC,Direct fine-tuning,0,15,0.3071007916239464
MRC,Direct fine-tuning,5,1,0.27021793568643926
MRC,Direct fine-tuning,5,2,0.2586099567554594
MRC,Direct fine-tuning,5,3,0.2631493784393833
MRC,Direct fine-tuning,5,4,0.2733655894232342
MRC,Direct fine-tuning,5,5,0.27064755746316566
MRC,Direct fine-tuning,5,6,0.2784370178433448
MRC,Direct fine-tuning,5,7,0.26208890862287165
MRC,Direct fine-tuning,5,8,0.27639168864186425
MRC,Direct fine-tuning,5,9,0.26888694301406796
MRC,Direct fine-tuning,5,10,0.27595795005359225
MRC,Direct fine-tuning,5,11,0.2787769972901467
MRC,Direct fine-tuning,5,12,0.25773678313636406
MRC,Direct fine-tuning,5,13,0.26167735308972667
MRC,Direct fine-tuning,5,14,0.2827104556018976
MRC,Direct fine-tuning,5,15,0.2650766904840334
MRC,Direct fine-tuning,10,1,0.23205840017575916
MRC,Direct fine-tuning,10,2,0.21388576467992296
MRC,Direct fine-tuning,10,3,0.225136760479051
MRC,Direct fine-tuning,10,4,0.23277954369116935
MRC,Direct fine-tuning,10,5,0.2020677528295321
MRC,Direct fine-tuning,10,6,0.22021488220466898
MRC,Direct fine-tuning,10,7,0.22270946842734712
MRC,Direct fine-tuning,10,8,0.22201038580425825
MRC,Direct fine-tuning,10,9,0.21813218906270915
MRC,Direct fine-tuning,10,10,0.20974956925808486
MRC,Direct fine-tuning,10,11,0.19461197579360895
MRC,Direct fine-tuning,10,12,0.20824993058009156
MRC,Direct fine-tuning,10,13,0.21807015912164074
MRC,Direct fine-tuning,10,14,0.23630778972072744
MRC,Direct fine-tuning,10,15,0.22531680254715386
MRC,Direct fine-tuning,20,1,0.1752748288408221
MRC,Direct fine-tuning,20,2,0.1696816781418363
MRC,Direct fine-tuning,20,3,0.1578575631555906
MRC,Direct fine-tuning,20,4,0.16400448607564735
MRC,Direct fine-tuning,20,5,0.1667369038267054
MRC,Direct fine-tuning,20,6,0.17434167362929628
MRC,Direct fine-tuning,20,7,0.16673478760914168
MRC,Direct fine-tuning,20,8,0.14056195288714424
MRC,Direct fine-tuning,20,9,0.17363130982112518
MRC,Direct fine-tuning,20,10,0.17121155740939753
MRC,Direct fine-tuning,20,11,0.15993822445631642
MRC,Direct fine-tuning,20,12,0.16890337741064795
MRC,Direct fine-tuning,20,13,0.15498781977582018
MRC,Direct fine-tuning,20,14,0.15570682497101798
MRC,Direct fine-tuning,20,15,0.1739363951683156
MRC,Shared backbone,0,1,0.2868786399457214
MRC,Shared backbone,0,2,0.3281207823445962
MRC,Shared backbone,0,3,0.2768344004030599
MRC,Shared backbone,0,4,0.2924811864477151
MRC,Shared backbone,0,5,0.25306862338472397
MRC,Shared backbone,0,6,0.3128741474191383
MRC,Shared backbone,0,7,0.29047539352536234
MRC,Shared backbone,0,8,0.26799572337710514
MRC,Shared backbone,0,9,0.25705853364698555
MRC,Shared backbone,0,10,0.2876280421711477
MRC,Shared backbone,0,11,0.24215529626873605
MRC,Shared backbone,0,12,0.28095894721283515
MRC,Shared backbone,0,13,0.25819013347215947
MRC,Shared backbone,0,14,0.24733005903509095
MRC,Shared backbone,0,15,0.25373355827714983
MRC,Shared backbone,5,1,0.19937480901892055
MRC,Shared backbone,5,2,0.2222586887106655
MRC,Shared backbone,5,3,0.23025797549457083
MRC,Shared backbone,5,4,0.22676596894094572
MRC,Shared backbone,5,5,0.21406666719130177
MRC,Shared backbone,5,6,0.23145773256784763
MRC,Shared backbone,5,7,0.19572077955666842
MRC,Shared backbone,5,8,0.22504557312973458
MRC,Shared backbone,5,9,0.21213843992303816
MRC,Shared backbone,5,10,0.21473881304779147
MRC,Shared backbone,5,11,0.20900899982671484
MRC,Shared backbone,5,12,0.21881367590811204
MRC,Shared backbone,5,13,0.204102810900346
MRC,Shared backbone,5,14,0.2151784758224556
MRC,Shared backbone,5,15,0.23464986889784803
MRC,Shared backbone,10,1,0.15867106116924012
MRC,Shared backbone,10,2,0.16744727832401118
MRC,Shared backbone,10,3,0.1750911674538987
MRC,Shared backbone,10,4,0.16956248202449423
MRC,Shared backbone,10,5,0.18239974094159497
MRC,Shared backbone,10,6,0.17636694498649452
MRC,Shared backbone,10,7,0.17608204838919392
MRC,Shared backbone,10,8,0.16020862880421255
MRC,Shared backbone,10,9,0.1652453477391154
MRC,Shared backbone,10,10,0.18069439690495767
MRC,Shared backbone,10,11,0.19168026249962455
MRC,Shared backbone,10,12,0.15968158272759053
MRC,Shared backbone,10,13,0.18645445926177115
MRC,Shared backbone,10,14,0.17319155457877713
MRC,Shared backbone,10,15,0.1712126962083545
MRC,Shared backbone,20,1,0.13624050713281183
MRC,Shared backbone,20,2,0.13541533055380803
MRC,Shared backbone,20,3,0.1273412508109157
MRC,Shared backbone,20,4,0.1325548305777323
MRC,Shared backbone,20,5,0.1410880154278515
MRC,Shared backbone,20,6,0.14282652185002612
MRC,Shared backbone,20,7,0.13437333303947666
MRC,Shared backbone,20,8,0.13231881394653067
MRC,Shared backbone,20,9,0.14166482494370813
MRC,Shared backbone,20,10,0.13695950670563412
MRC,Shared backbone,20,11,0.14594131125641832
MRC,Shared backbone,20,12,0.1269344229354334
MRC,Shared backbone,20,13,0.14245658501089167
MRC,Shared backbone,20,14,0.1350129403995981
MRC,Shared backbone,20,15,0.13306424941889336
MRC,Proposed + gate,0,1,0.2538076205633671
MRC,Proposed + gate,0,2,0.2347123979351425
MRC,Proposed + gate,0,3,0.24468212042803528
MRC,Proposed + gate,0,4,0.2480137367825465
MRC,Proposed + gate,0,5,0.19934240846499496
MRC,Proposed + gate,0,6,0.2551939468356797
MRC,Proposed + gate,0,7,0.2067325862300221
MRC,Proposed + gate,0,8,0.2569872813155567
MRC,Proposed + gate,0,9,0.25092912704294107
MRC,Proposed + gate,0,10,0.27712660271092865
MRC,Proposed + gate,0,11,0.24713795721100856
MRC,Proposed + gate,0,12,0.2550405813210506
MRC,Proposed + gate,0,13,0.2329915587167844
MRC,Proposed + gate,0,14,0.2579927703472313
MRC,Proposed + gate,0,15,0.22820832370801777
MRC,Proposed + gate,5,1,0.1900033359671956
MRC,Proposed + gate,5,2,0.17755248884517244
MRC,Proposed + gate,5,3,0.18058048770980237
MRC,Proposed + gate,5,4,0.18394881384804163
MRC,Proposed + gate,5,5,0.18122586369835864
MRC,Proposed + gate,5,6,0.19464542875971602
MRC,Proposed + gate,5,7,0.18460610834252125
MRC,Proposed + gate,5,8,0.1920425710909051
MRC,Proposed + gate,5,9,0.16601523648508895
MRC,Proposed + gate,5,10,0.18656180458383587
MRC,Proposed + gate,5,11,0.20006315870354985
MRC,Proposed + gate,5,12,0.16994267329964075
MRC,Proposed + gate,5,13,0.16924622182272692
MRC,Proposed + gate,5,14,0.1849967730850909
MRC,Proposed + gate,5,15,0.16169679840103895
MRC,Proposed + gate,10,1,0.1550774446261351
MRC,Proposed + gate,10,2,0.13346636668925235
MRC,Proposed + gate,10,3,0.1377581990553847
MRC,Proposed + gate,10,4,0.16159130063862054
MRC,Proposed + gate,10,5,0.1416185087570581
MRC,Proposed + gate,10,6,0.13776421795721056
MRC,Proposed + gate,10,7,0.1438936989849733
MRC,Proposed + gate,10,8,0.147363158098723
MRC,Proposed + gate,10,9,0.12807719014576108
MRC,Proposed + gate,10,10,0.16479254705023774
MRC,Proposed + gate,10,11,0.14395283991312646
MRC,Proposed + gate,10,12,0.13621333809026342
MRC,Proposed + gate,10,13,0.14027564865285538
MRC,Proposed + gate,10,14,0.14429016687023896
MRC,Proposed + gate,10,15,0.12718075652287045
MRC,Proposed + gate,20,1,0.10909307342625402
MRC,Proposed + gate,20,2,0.11676403022751991
MRC,Proposed + gate,20,3,0.12152688530443304
MRC,Proposed + gate,20,4,0.13320989334011973
MRC,Proposed + gate,20,5,0.1104241173473422
MRC,Proposed + gate,20,6,0.10249980632992112
MRC,Proposed + gate,20,7,0.12313718659560455
MRC,Proposed + gate,20,8,0.11788062216569743
MRC,Proposed + gate,20,9,0.11008327001636165
MRC,Proposed + gate,20,10,0.11901516108344731
MRC,Proposed + gate,20,11,0.1155514752765405
MRC,Proposed + gate,20,12,0.11887159093071385
MRC,Proposed + gate,20,13,0.09593495956985744
MRC,Proposed + gate,20,14,0.10377488095993553
MRC,Proposed + gate,20,15,0.11582149323734374
PRF,From scratch,0,1,0.4037541785372604
PRF,From scratch,0,2,0.42
PRF,From scratch,0,3,0.39440052286880345
PRF,From scratch,0,4,0.42
PRF,From scratch,0,5,0.38519495729011566
PRF,From scratch,0,6,0.42
PRF,From scratch,0,7,0.42
PRF,From scratch,0,8,0.42
PRF,From scratch,0,9,0.4040114405132791
PRF,From scratch,0,10,0.4186163068241686
PRF,From scratch,0,11,0.42
PRF,From scratch,0,12,0.42
PRF,From scratch,0,13,0.4118600127176334
PRF,From scratch,0,14,0.42
PRF,From scratch,0,15,0.4059695107477203
PRF,From scratch,5,1,0.34934299051772394
PRF,From scratch,5,2,0.33701117734610697
PRF,From scratch,5,3,0.34563255588301967
PRF,From scratch,5,4,0.3361854081414172
PRF,From scratch,5,5,0.33827226080861883
PRF,From scratch,5,6,0.3487456036137628
PRF,From scratch,5,7,0.3371793138930739
PRF,From scratch,5,8,0.3458126037575362
PRF,From scratch,5,9,0.3381474576709194
PRF,From scratch,5,10,0.3294168240567552
PRF,From scratch,5,11,0.3316976738839341
PRF,From scratch,5,12,0.34447551684749356
PRF,From scratch,5,13,0.35491821623845593
PRF,From scratch,5,14,0.34264744319282364
PRF,From scratch,5,15,0.3384259692872988
PRF,From scratch,10,1,0.2676048907479699
PRF,From scratch,10,2,0.2795882990718302
PRF,From scratch,10,3,0.29609375888625344
PRF,From scratch,10,4,0.2832916749525729
PRF,From scratch,10,5,0.2632648232367008
PRF,From scratch,10,6,0.28570827952737776
PRF,From scratch,10,7,0.2751527170368072
PRF,From scratch,10,8,0.26183496987686744
PRF,From scratch,10,9,0.27336804477664944
PRF,From scratch,10,10,0.2785893829655666
PRF,From scratch,10,11,0.2721884288528184
PRF,From scratch,10,12,0.3039572782503244
PRF,From scratch,10,13,0.28040978147693535
PRF,From scratch,10,14,0.2987835727047257
PRF,From scratch,10,15,0.25556438430084066
PRF,From scratch,20,1,0.21467844684270806
PRF,From scratch,20,2,0.20197148943921975
PRF,From scratch,20,3,0.20345207431750736
PRF,From scratch,20,4,0.2214882090198681
PRF,From scratch,20,5,0.2295571626698195
PRF,From scratch,20,6,0.22236261906006202
PRF,From scratch,20,7,0.22406909083650992
PRF,From scratch,20,8,0.20766212165834316
PRF,From scratch,20,9,0.2223075004905288
PRF,From scratch,20,10,0.2106900489831434
PRF,From scratch,20,11,0.21674363090062138
PRF,From scratch,20,12,0.20721087568262986
PRF,From scratch,20,13,0.2303529628592238
PRF,From scratch,20,14,0.20842286856470976
PRF,From scratch,20,15,0.2149634454587744
PRF,Direct fine-tuning,0,1,0.3538130758510244
PRF,Direct fine-tuning,0,2,0.336165184922633
PRF,Direct fine-tuning,0,3,0.34711243614115894
PRF,Direct fine-tuning,0,4,0.39357405276573554
PRF,Direct fine-tuning,0,5,0.34052201948933397
PRF,Direct fine-tuning,0,6,0.3747950511432904
PRF,Direct fine-tuning,0,7,0.36991357362115146
PRF,Direct fine-tuning,0,8,0.3902684856432505
PRF,Direct fine-tuning,0,9,0.3240712255601207
PRF,Direct fine-tuning,0,10,0.37707846909959614
PRF,Direct fine-tuning,0,11,0.32562388529862124
PRF,Direct fine-tuning,0,12,0.34615549479449703
PRF,Direct fine-tuning,0,13,0.3492441775632009
PRF,Direct fine-tuning,0,14,0.3311925943498813
PRF,Direct fine-tuning,0,15,0.3340942651890348
PRF,Direct fine-tuning,5,1,0.2784885195059525
PRF,Direct fine-tuning,5,2,0.2792915762224596
PRF,Direct fine-tuning,5,3,0.28716470896700824
PRF,Direct fine-tuning,5,4,0.2840651637834092
PRF,Direct fine-tuning,5,5,0.26783194096036445
PRF,Direct fine-tuning,5,6,0.2665057277938743
PRF,Direct fine-tuning,5,7,0.2741667980161067
PRF,Direct fine-tuning,5,8,0.2734868680909021
PRF,Direct fine-tuning,5,9,0.27747056865453607
PRF,Direct fine-tuning,5,10,0.26442351065337905
PRF,Direct fine-tuning,5,11,0.2883124032829633
PRF,Direct fine-tuning,5,12,0.28390657936811997
PRF,Direct fine-tuning,5,13,0.27270347778980264
PRF,Direct fine-tuning,5,14,0.26123045979058457
PRF,Direct fine-tuning,5,15,0.260985340287464
PRF,Direct fine-tuning,10,1,0.21756523243012005
PRF,Direct fine-tuning,10,2,0.21787546711695446
PRF,Direct fine-tuning,10,3,0.24306056377443566
PRF,Direct fine-tuning,10,4,0.21844622724957363
PRF,Direct fine-tuning,10,5,0.21803669847279797
PRF,Direct fine-tuning,10,6,0.2393917564272569
PRF,Direct fine-tuning,10,7,0.230185319610652
PRF,Direct fine-tuning,10,8,0.22988284116044905
PRF,Direct fine-tuning,10,9,0.2372666541250223
PRF,Direct fine-tuning,10,10,0.22177121571900998
PRF,Direct fine-tuning,10,11,0.21222120790875137
PRF,Direct fine-tuning,10,12,0.23659057413476176
PRF,Direct fine-tuning,10,13,0.2431502883678492
PRF,Direct fine-tuning,10,14,0.2086307684007806
PRF,Direct fine-tuning,10,15,0.23262394403828
PRF,Direct fine-tuning,20,1,0.18322483210958734
PRF,Direct fine-tuning,20,2,0.17479869930750905
PRF,Direct fine-tuning,20,3,0.17132690788120822
PRF,Direct fine-tuning,20,4,0.18408668440574827
PRF,Direct fine-tuning,20,5,0.17857402273600154
PRF,Direct fine-tuning,20,6,0.17375267006745218
PRF,Direct fine-tuning,20,7,0.17523501587982915
PRF,Direct fine-tuning,20,8,0.1622021824982903
PRF,Direct fine-tuning,20,9,0.15882467266296474
PRF,Direct fine-tuning,20,10,0.18622514450813757
PRF,Direct fine-tuning,20,11,0.175090715942045
PRF,Direct fine-tuning,20,12,0.17610587751517695
PRF,Direct fine-tuning,20,13,0.17497275994692618
PRF,Direct fine-tuning,20,14,0.18015270635058966
PRF,Direct fine-tuning,20,15,0.1606951721035201
PRF,Shared backbone,0,1,0.2895476691532684
PRF,Shared backbone,0,2,0.26428848824112455
PRF,Shared backbone,0,3,0.2549352843070681
PRF,Shared backbone,0,4,0.27968062295227225
PRF,Shared backbone,0,5,0.24248578603195958
PRF,Shared backbone,0,6,0.3093123735660627
PRF,Shared backbone,0,7,0.25522685823223856
PRF,Shared backbone,0,8,0.2995042128526156
PRF,Shared backbone,0,9,0.2710516734161979
PRF,Shared backbone,0,10,0.2633749063605426
PRF,Shared backbone,0,11,0.289733802731014
PRF,Shared backbone,0,12,0.27289216487713963
PRF,Shared backbone,0,13,0.3004295684517111
PRF,Shared backbone,0,14,0.2706577202337538
PRF,Shared backbone,0,15,0.2665661093197497
PRF,Shared backbone,5,1,0.21339752014950109
PRF,Shared backbone,5,2,0.22195815420541587
PRF,Shared backbone,5,3,0.20023108803290196
PRF,Shared backbone,5,4,0.2110846089280652
PRF,Shared backbone,5,5,0.20814342631727026
PRF,Shared backbone,5,6,0.2271469597101513
PRF,Shared backbone,5,7,0.20111619224190458
PRF,Shared backbone,5,8,0.220504595950238
PRF,Shared backbone,5,9,0.21540251222769896
PRF,Shared backbone,5,10,0.2203495745632788
PRF,Shared backbone,5,11,0.21528113836086543
PRF,Shared backbone,5,12,0.22419786654129964
PRF,Shared backbone,5,13,0.22394589598147033
PRF,Shared backbone,5,14,0.2109358971975979
PRF,Shared backbone,5,15,0.21991679057139535
PRF,Shared backbone,10,1,0.1813470067189758
PRF,Shared backbone,10,2,0.15883293402050921
PRF,Shared backbone,10,3,0.18037892767620414
PRF,Shared backbone,10,4,0.16896895498437342
PRF,Shared backbone,10,5,0.17548398238145074
PRF,Shared backbone,10,6,0.17282001593749283
PRF,Shared backbone,10,7,0.16819911179449085
PRF,Shared backbone,10,8,0.1844385851420288
PRF,Shared backbone,10,9,0.17725156256438673
PRF,Shared backbone,10,10,0.17689596400493482
PRF,Shared backbone,10,11,0.17901671077029901
PRF,Shared backbone,10,12,0.1705925716042891
PRF,Shared backbone,10,13,0.1606952250084817
PRF,Shared backbone,10,14,0.175366847412214
PRF,Shared backbone,10,15,0.18150364768441965
PRF,Shared backbone,20,1,0.13523288899987654
PRF,Shared backbone,20,2,0.14311915076179366
PRF,Shared backbone,20,3,0.12278136358863874
PRF,Shared backbone,20,4,0.15786935186568885
PRF,Shared backbone,20,5,0.1362105665722112
PRF,Shared backbone,20,6,0.1552867742840784
PRF,Shared backbone,20,7,0.13039840816558207
PRF,Shared backbone,20,8,0.16285592755341757
PRF,Shared backbone,20,9,0.14422569072150254
PRF,Shared backbone,20,10,0.1521779004004687
PRF,Shared backbone,20,11,0.12416073288751438
PRF,Shared backbone,20,12,0.13087352638946825
PRF,Shared backbone,20,13,0.13899575492201038
PRF,Shared backbone,20,14,0.13420087193339278
PRF,Shared backbone,20,15,0.14846481554731467
PRF,Proposed + gate,0,1,0.2411370147387669
PRF,Proposed + gate,0,2,0.24399370765546166
PRF,Proposed + gate,0,3,0.25563071222937517
PRF,Proposed + gate,0,4,0.2180555777020747
PRF,Proposed + gate,0,5,0.2326326003403546
PRF,Proposed + gate,0,6,0.20837259351608994
PRF,Proposed + gate,0,7,0.2417113543154113
PRF,Proposed + gate,0,8,0.24302119078974477
PRF,Proposed + gate,0,9,0.2282304317385568
PRF,Proposed + gate,0,10,0.2757218711424244
PRF,Proposed + gate,0,11,0.21449063347558545
PRF,Proposed + gate,0,12,0.27107173536853596
PRF,Proposed + gate,0,13,0.24780587648616656
PRF,Proposed + gate,0,14,0.24511428526903306
PRF,Proposed + gate,0,15,0.2618435884501336
PRF,Proposed + gate,5,1,0.1905375527286846
PRF,Proposed + gate,5,2,0.1891508798613956
PRF,Proposed + gate,5,3,0.1799423329329239
PRF,Proposed + gate,5,4,0.19015121382050248
PRF,Proposed + gate,5,5,0.18401223213587886
PRF,Proposed + gate,5,6,0.18485240147116563
PRF,Proposed + gate,5,7,0.1920030325592523
PRF,Proposed + gate,5,8,0.17627212599187603
PRF,Proposed + gate,5,9,0.1785437872161623
PRF,Proposed + gate,5,10,0.16187013638331288
PRF,Proposed + gate,5,11,0.19944762910198338
PRF,Proposed + gate,5,12,0.20745835763182488
PRF,Proposed + gate,5,13,0.19344331880036003
PRF,Proposed + gate,5,14,0.17935202436372155
PRF,Proposed + gate,5,15,0.18855599454420743
PRF,Proposed + gate,10,1,0.1283027662993105
PRF,Proposed + gate,10,2,0.12577955011102407
PRF,Proposed + gate,10,3,0.14456163091066737
PRF,Proposed + gate,10,4,0.1361318094187995
PRF,Proposed + gate,10,5,0.1399990381455956
PRF,Proposed + gate,10,6,0.15360804673499767
PRF,Proposed + gate,10,7,0.147997042984025
PRF,Proposed + gate,10,8,0.14846517478718033
PRF,Proposed + gate,10,9,0.14130062694818346
PRF,Proposed + gate,10,10,0.15186060749709396
PRF,Proposed + gate,10,11,0.14199683894682696
PRF,Proposed + gate,10,12,0.1596653291400072
PRF,Proposed + gate,10,13,0.1467854111326383
PRF,Proposed + gate,10,14,0.16218808577590937
PRF,Proposed + gate,10,15,0.1440653384601673
PRF,Proposed + gate,20,1,0.13368694450133475
PRF,Proposed + gate,20,2,0.10874532996525142
PRF,Proposed + gate,20,3,0.11125243366782538
PRF,Proposed + gate,20,4,0.11069569908681365
PRF,Proposed + gate,20,5,0.11379921979418817
PRF,Proposed + gate,20,6,0.10627600126257891
PRF,Proposed + gate,20,7,0.11068967070834304
PRF,Proposed + gate,20,8,0.11478892674869051
PRF,Proposed + gate,20,9,0.11342513442268151
PRF,Proposed + gate,20,10,0.12880500480016174
PRF,Proposed + gate,20,11,0.10741818167733423
PRF,Proposed + gate,20,12,0.10673675529981978
PRF,Proposed + gate,20,13,0.12399304949852333
PRF,Proposed + gate,20,14,0.11245362396111609
PRF,Proposed + gate,20,15,0.09964958291349507
