correlation,method,run,hv,hf_calls
0.3,MF-SAEA,1,0.7117819155647693,88
0.3,MF-SAEA,2,0.7340906757628759,92
0.3,MF-SAEA,3,0.7364492800274677,95
0.3,MF-SAEA,4,0.7144026984229351,91
0.3,MF-SAEA,5,0.7144502790849909,92
0.3,MF-SAEA,6,0.6920760603641867,91
0.3,MF-SAEA,7,0.7470823989118576,90
0.3,MF-SAEA,8,0.7105638087348333,92
0.3,MF-SAEA,9,0.7196273772414559,95
0.3,MF-SAEA,10,0.7289670941162716,89
0.3,MF-SAEA,11,0.721847751045596,93
0.3,MF-SAEA,12,0.7047238163863546,91
0.3,MF-SAEA,13,0.7200595401843789,85
0.3,MF-SAEA,14,0.7103710764590747,97
0.3,MF-SAEA,15,0.7167967119478631,94
0.3,Proposed,1,0.7816934027354837,78
0.3,Proposed,2,0.7713742011611777,87
0.3,Proposed,3,0.7814656619919528,79
0.3,Proposed,4,0.7772096195912159,84
0.3,Proposed,5,0.7698541787489201,83
0.3,Proposed,6,0.7589087043763229,86
0.3,Proposed,7,0.7928578813672595,76
0.3,Proposed,8,0.7677906617234789,83
0.3,Proposed,9,0.7652560530670495,80
0.3,Proposed,10,0.7826970022684855,84
0.3,Proposed,11,0.7679352830164751,81
0.3,Proposed,12,0.7823254642522642,83
0.3,Proposed,13,0.7700767744618335,83
0.3,Proposed,14,0.7738673037755738,85
0.3,Proposed,15,0.7857850332412312,82
0.5,MF-SAEA,1,0.7542229507919403,85
0.5,MF-SAEA,2,0.7596296602831255,87
0.5,MF-SAEA,3,0.7634444077353038,90
0.5,MF-SAEA,4,0.771054788470244,86
0.5,MF-SAEA,5,0.7606528674655673,82
0.5,MF-SAEA,6,0.7694421662690758,85
0.5,MF-SAEA,7,0.7553532041995732,82
0.5,MF-SAEA,8,0.7519938397484113,84
0.5,MF-SAEA,9,0.7721989866469571,91
0.5,MF-SAEA,10,0.7708303294709591,88
0.5,MF-SAEA,11,0.7618361391474759,81
0.5,MF-SAEA,12,0.7702111771561245,86
0.5,MF-SAEA,13,0.7566231375307307,80
0.5,MF-SAEA,14,0.752740273630895,86
0.5,MF-SAEA,15,0.7666234612035606,81
0.5,Proposed,1,0.822166006715615,74
0.5,Proposed,2,0.8208318793760913,70
0.5,Proposed,3,0.832820236302189,67
0.5,Proposed,4,0.8155805537960595,72
0.5,Proposed,5,0.8209026039889021,69
0.5,Proposed,6,0.8257512665054596,77
0.5,Proposed,7,0.8175606679557842,74
0.5,Proposed,8,0.8342841415837774,71
0.5,Proposed,9,0.8334685273688393,71
0.5,Proposed,10,0.8146945439171787,75
0.5,Proposed,11,0.8105906864301118,67
0.5,Proposed,12,0.8310405713425969,72
0.5,Proposed,13,0.790291459749077,73
0.5,Proposed,14,0.8291038810570298,75
0.5,Proposed,15,0.8226965716041817,76
0.7,MF-SAEA,1,0.7997774146750911,83
0.7,MF-SAEA,2,0.7976446720162758,79
0.7,MF-SAEA,3,0.7933883166540134,81
0.7,MF-SAEA,4,0.8078078741540247,77
0.7,MF-SAEA,5,0.8009487976491694,76
0.7,MF-SAEA,6,0.7751111213521572,77
0.7,MF-SAEA,7,0.8018915666541141,82
0.7,MF-SAEA,8,0.7722036369014278,82
0.7,MF-SAEA,9,0.7743694700690297,79
0.7,MF-SAEA,10,0.7702707615906237,75
0.7,MF-SAEA,11,0.7814111573495628,76
0.7,MF-SAEA,12,0.7802736169330449,80
0.7,MF-SAEA,13,0.8031698502729088,77
0.7,MF-SAEA,14,0.7721746368495624,74
0.7,MF-SAEA,15,0.7802344922071909,77
0.7,Proposed,1,0.8413299494660129,62
0.7,Proposed,2,0.824390432214246,68
0.7,Proposed,3,0.8484497561210641,58
0.7,Proposed,4,0.8400663774250072,64
0.7,Proposed,5,0.8418676305151825,68
0.7,Proposed,6,0.8385196880672526,62
0.7,Proposed,7,0.8377320906189706,68
0.7,Proposed,8,0.8309301163579792,64
0.7,Proposed,9,0.832577058441714,62
0.7,Proposed,10,0.8275124386611894,64
0.7,Proposed,11,0.8343087343086699,67
0.7,Proposed,12,0.8387041671651894,69
0.7,Proposed,13,0.8448202965581237,65
0.7,Proposed,14,0.8387880425102422,64
0.7,Proposed,15,0.8569064706257616,68
0.9,MF-SAEA,1,0.8133671497429807,73
0.9,MF-SAEA,2,0.803619454081609,76
0.9,MF-SAEA,3,0.8136338603346411,73
0.9,MF-SAEA,4,0.8067740852550919,71
0.9,MF-SAEA,5,0.8072642353398951,74
0.9,MF-SAEA,6,0.7918055679181815,73
0.9,MF-SAEA,7,0.8051354990577472,76
0.9,MF-SAEA,8,0.822839412747625,74
0.9,MF-SAEA,9,0.7923463063764699,76
0.9,MF-SAEA,10,0.8029866543906266,77
0.9,MF-SAEA,11,0.7988601659822874,75
0.9,MF-SAEA,12,0.8021325860590843,72
0.9,MF-SAEA,13,0.8023148724744384,68
0.9,MF-SAEA,14,0.8082822022418428,76
0.9,MF-SAEA,15,0.8164627957914997,75
0.9,Proposed,1,0.8572524831126069,57
0.9,Proposed,2,0.8491391623101497,57
0.9,Proposed,3,0.8629502840242669,54
0.9,Proposed,4,0.849487357702046,58
0.9,Proposed,5,0.8565985084759827,57
0.9,Proposed,6,0.844164876157922,50
0.9,Proposed,7,0.8376296578608984,57
0.9,Proposed,8,0.8505945832076807,54
0.9,Proposed,9,0.818951694802808,58
0.9,Proposed,10,0.8603865909846927,62
0.9,Proposed,11,0.8595647505464313,61
0.9,Proposed,12,0.8755158524873585,60
0.9,Proposed,13,0.8473544497902296,53
0.9,Proposed,14,0.8571473174406978,59
0.9,Proposed,15,0.8689392987031929,59
