material,method,run,hv,igd_plus,hf_calls,feasible_rate
LCE,NSGA-II,1,0.673370212220784,0.15899446307369577,120,0.8027686783249662
LCE,MOEA/D,1,0.6580920893659667,0.1676713120959993,120,0.8036249340673999
LCE,SMS-EGO,1,0.718574332742159,0.1295352290139006,103,0.8313019994160937
LCE,ParEGO,1,0.7213772081452052,0.1251303840507157,94,0.8613795424694767
LCE,GP-BO,1,0.736266421281832,0.11643523437118808,87,0.8615977918979905
LCE,SF-SAEA,1,0.7543519705914861,0.10085406741561449,84,0.8819936940372285
LCE,Physics-free,1,0.7790481599861107,0.09294058707310549,74,0.8629061742732004
LCE,MF-SAEA,1,0.7965353633055853,0.094778225113894,77,0.9128815913931265
LCE,Proposed,1,0.8660708925346117,0.06461322578948006,59,0.9548528730145648
LCE,NSGA-II,2,0.6538977063316811,0.16640238939699267,120,0.7915937937754643
LCE,MOEA/D,2,0.6671307510211175,0.16354423371971621,113,0.7980692021942368
LCE,SMS-EGO,2,0.7132081222015617,0.12653846687025702,95,0.8548722667938031
LCE,ParEGO,2,0.7279382605818874,0.1263088697768216,87,0.8391186934845141
LCE,GP-BO,2,0.7344160546707053,0.1227156109188049,94,0.8567335354005214
LCE,SF-SAEA,2,0.732533285643353,0.11733982888487056,90,0.8617730470481656
LCE,Physics-free,2,0.7745886035857097,0.09691095805763018,85,0.8649436476378789
LCE,MF-SAEA,2,0.7968571880452926,0.09052709202347255,69,0.919378372604741
LCE,Proposed,2,0.8813755888571028,0.05733415080180115,61,0.9520634863014558
LCE,NSGA-II,3,0.6643000148721208,0.16291666364287058,120,0.7998562079495433
LCE,MOEA/D,3,0.6765472642069148,0.151274631856658,117,0.8104911903976747
LCE,SMS-EGO,3,0.7275404639071552,0.1209904890068876,101,0.8389131120616845
LCE,ParEGO,3,0.7370565080596928,0.12116723768188407,94,0.850452306251482
LCE,GP-BO,3,0.7545767393348153,0.10911952411647181,96,0.8494503108641459
LCE,SF-SAEA,3,0.7467815322381625,0.11165096662525419,88,0.8635273421801319
LCE,Physics-free,3,0.7785592104211194,0.10581128540821057,81,0.8589959699727175
LCE,MF-SAEA,3,0.7942603079470278,0.08878772490778329,77,0.8818960541883487
LCE,Proposed,3,0.8774155095392395,0.05257714815638179,56,0.92711164508106
LCE,NSGA-II,4,0.6701155025968587,0.16463758806651582,112,0.781134980554038
LCE,MOEA/D,4,0.6828389292166419,0.1521555119183437,106,0.794198449387216
LCE,SMS-EGO,4,0.7262619054548987,0.12222414382873396,97,0.8255370220470661
LCE,ParEGO,4,0.7340338827537248,0.12769865730674393,95,0.8571763662046556
LCE,GP-BO,4,0.7440973849208579,0.11639760200219675,94,0.836687605900881
LCE,SF-SAEA,4,0.7622208428045277,0.10386406622573083,90,0.8601449932418346
LCE,Physics-free,4,0.781139946565294,0.09146719473931392,83,0.8696120413689172
LCE,MF-SAEA,4,0.7755013475543219,0.09446334179279142,78,0.922843158371254
LCE,Proposed,4,0.8505715932650731,0.07165496046776222,59,0.9532084976963846
LCE,NSGA-II,5,0.668225137321491,0.15739462105557595,120,0.7892132881729341
LCE,MOEA/D,5,0.7168689888729578,0.13799426837038725,116,0.8047399448917238
LCE,SMS-EGO,5,0.7272962527320926,0.13013970260901359,95,0.8329457970168387
LCE,ParEGO,5,0.7594202264987315,0.1164047999006611,94,0.8192949091857982
LCE,GP-BO,5,0.7476022025692093,0.11662576520340433,93,0.8512935388626485
LCE,SF-SAEA,5,0.7572416216773781,0.10306591472523115,87,0.8484310317344963
LCE,Physics-free,5,0.789202400582815,0.09631430637451203,83,0.8633520303328011
LCE,MF-SAEA,5,0.8007539766474641,0.09192486878102142,73,0.9272144274211309
LCE,Proposed,5,0.8891977434543233,0.041139006670587265,53,0.9560444316890223
LCE,NSGA-II,6,0.6654347901708944,0.16896248126121313,120,0.8079651250731504
LCE,MOEA/D,6,0.685403454665802,0.1584652076611053,118,0.8006220409416279
LCE,SMS-EGO,6,0.7297236726700278,0.11543263194746957,98,0.8353080795727378
LCE,ParEGO,6,0.740545577090937,0.11533080025335833,100,0.8378408667446476
LCE,GP-BO,6,0.7530480891003142,0.10827866251823477,98,0.8498605109311141
LCE,SF-SAEA,6,0.7571268047494731,0.11188802546585325,88,0.8898932069067212
LCE,Physics-free,6,0.7726358454246266,0.10698698502643385,86,0.8794164040772621
LCE,MF-SAEA,6,0.8318706520547865,0.08300371575066814,82,0.9172052693852578
LCE,Proposed,6,0.8951018196843538,0.04906134060736491,62,0.9466881679326056
LCE,NSGA-II,7,0.6804211624716403,0.16404273575222617,120,0.7919702445321254
LCE,MOEA/D,7,0.6806057249202201,0.16152260982705527,117,0.817820293975309
LCE,SMS-EGO,7,0.73916167297305,0.11357168362512207,91,0.8295910405920734
LCE,ParEGO,7,0.7600598246255115,0.1156221461603559,90,0.8504465802352992
LCE,GP-BO,7,0.7793427943309192,0.09387224177969615,94,0.8442159014330296
LCE,SF-SAEA,7,0.7655395322249972,0.10897790083524661,87,0.867797108735371
LCE,Physics-free,7,0.7878977459830769,0.09573998383054999,85,0.8745517906274791
LCE,MF-SAEA,7,0.8221507952972474,0.08129252492303173,74,0.9203697124304971
LCE,Proposed,7,0.8829752435186917,0.05315872317907296,62,0.9512630036738883
LCE,NSGA-II,8,0.6558842669367929,0.16445348874767063,120,0.7983581965936617
LCE,MOEA/D,8,0.6695323855377461,0.16489424423999038,120,0.8101855097107983
LCE,SMS-EGO,8,0.7264728949929844,0.1286382669117555,102,0.8378477105533122
LCE,ParEGO,8,0.7146742125282688,0.1353258177343646,96,0.8331226811401957
LCE,GP-BO,8,0.7534064836150818,0.11159812219335105,96,0.8368605963549203
LCE,SF-SAEA,8,0.7614635217111116,0.10295891481111548,91,0.8938423592375254
LCE,Physics-free,8,0.7602090615163247,0.10654931961654322,80,0.8800678119293283
LCE,MF-SAEA,8,0.7911213108061856,0.09332759223619802,77,0.8928061217031293
LCE,Proposed,8,0.8705982461672876,0.061245648372169274,58,0.9499790604566318
LCE,NSGA-II,9,0.69256361114829,0.1522762868671598,120,0.7868080298129803
LCE,MOEA/D,9,0.6963205055698318,0.15236040023717745,120,0.7927988408501518
LCE,SMS-EGO,9,0.7579052827605522,0.10853556836331434,95,0.8326712680733662
LCE,ParEGO,9,0.734633022360935,0.11735042986736269,97,0.8338652675180606
LCE,GP-BO,9,0.7544309037033723,0.10816219291088794,94,0.8735877709384878
LCE,SF-SAEA,9,0.7786840125599906,0.09461464640278368,90,0.8763202027513958
LCE,Physics-free,9,0.7758387721010886,0.10221874289745377,79,0.8476993534907097
LCE,MF-SAEA,9,0.8344192551435099,0.07247166761199247,78,0.9092304629830211
LCE,Proposed,9,0.8727818491896695,0.05750361980733415,57,0.9526871192504445
LCE,NSGA-II,10,0.6390353275808345,0.17951142120661967,120,0.7998203897096563
LCE,MOEA/D,10,0.6838344455908079,0.15344320659878127,116,0.7885916505830446
LCE,SMS-EGO,10,0.7097675176303991,0.12471661961354653,96,0.8332466174566768
LCE,ParEGO,10,0.7287157657243214,0.12577084210272246,90,0.8576514077149985
LCE,GP-BO,10,0.7319072883249376,0.11912170257156474,92,0.8676483665550493
LCE,SF-SAEA,10,0.7479654337329473,0.11383088230392154,84,0.8644244064346934
LCE,Physics-free,10,0.7743440196104944,0.1066075720644606,81,0.8659028733436379
LCE,MF-SAEA,10,0.8117526994498654,0.09317824237564834,76,0.9048148855749306
LCE,Proposed,10,0.8739727747559528,0.06238670102409655,53,0.9508265026406821
LCE,NSGA-II,11,0.6449759483072129,0.17754296201536127,120,0.8006066183536821
LCE,MOEA/D,11,0.6727708370004226,0.1593401224039039,119,0.7865402072806938
LCE,SMS-EGO,11,0.715223786576903,0.12702816912141157,96,0.8359141157478199
LCE,ParEGO,11,0.7347510868453775,0.11720111316597077,97,0.8331947462223857
LCE,GP-BO,11,0.736782719385882,0.11520964095689441,91,0.8511896242783223
LCE,SF-SAEA,11,0.7648329003123928,0.11251922400437331,87,0.878592280881121
LCE,Physics-free,11,0.7731380934037589,0.10334686220475617,79,0.8751399465468
LCE,MF-SAEA,11,0.793780150122538,0.09120625031882763,76,0.8972414420677062
LCE,Proposed,11,0.8702431475998699,0.06209106623189063,61,0.9424375397779352
LCE,NSGA-II,12,0.6597798483502677,0.16341615615247587,118,0.7923924213405436
LCE,MOEA/D,12,0.6773226079076258,0.15172337991673382,116,0.8058252267056919
LCE,SMS-EGO,12,0.7284628922551827,0.1213853428713591,99,0.8381029797383214
LCE,ParEGO,12,0.7261511123527684,0.12218215518206833,102,0.8516510614198762
LCE,GP-BO,12,0.7473560468518345,0.11752970139897842,99,0.8416994302257146
LCE,SF-SAEA,12,0.7523396590882881,0.11875014908542403,86,0.8762190333241248
LCE,Physics-free,12,0.7738394033979158,0.10102081265253114,87,0.8655377705044739
LCE,MF-SAEA,12,0.8175282134292036,0.08092863280056543,70,0.90845732101638
LCE,Proposed,12,0.8642961889332912,0.06306889357271528,57,0.9499062436216199
LCE,NSGA-II,13,0.6641469183784572,0.16127427463410446,120,0.7937941225868476
LCE,MOEA/D,13,0.693146535806919,0.13792747540506417,120,0.8083559160925551
LCE,SMS-EGO,13,0.7385719961187887,0.11564243472584675,108,0.8250567283760009
LCE,ParEGO,13,0.747331632394391,0.11077880024650547,103,0.8553515467531807
LCE,GP-BO,13,0.7596146479900604,0.10715605599130826,94,0.8635746411398412
LCE,SF-SAEA,13,0.7709459135155046,0.10375379972108884,85,0.8681477445383204
LCE,Physics-free,13,0.7905647209927439,0.09453292240983349,83,0.8561221454174843
LCE,MF-SAEA,13,0.8020756930699829,0.09905923280321079,77,0.8968856364919845
LCE,Proposed,13,0.8876091175056087,0.05630472279189138,62,0.9364211209149405
LCE,NSGA-II,14,0.6594874300164834,0.16275634926955154,120,0.7833363163845461
LCE,MOEA/D,14,0.6995192151598959,0.14812248389750055,120,0.7879738718593428
LCE,SMS-EGO,14,0.7125241002364862,0.12935462860876382,98,0.8523971024977225
LCE,ParEGO,14,0.7469277319642682,0.11476674388443155,93,0.833290829463708
LCE,GP-BO,14,0.7554710715552574,0.11623817470881743,93,0.8649098958776545
LCE,SF-SAEA,14,0.7723801777049268,0.10995246388382171,86,0.8605041501017346
LCE,Physics-free,14,0.7947125055783689,0.09106369814020357,83,0.8733359155482435
LCE,MF-SAEA,14,0.8126941006146337,0.08360264103205506,70,0.9170398633495832
LCE,Proposed,14,0.879772673194711,0.048185559335456964,58,0.9626754382676229
LCE,NSGA-II,15,0.6697612843333168,0.1581429115069157,120,0.8089480951943215
LCE,MOEA/D,15,0.6929028663846967,0.1486887893782427,120,0.8002585346253129
LCE,SMS-EGO,15,0.7348500201675822,0.1280766994979178,95,0.8330563107211642
LCE,ParEGO,15,0.7432946954786488,0.11297566306123885,95,0.8355216946092112
LCE,GP-BO,15,0.7642060130983148,0.11099428123721883,95,0.8453872117391512
LCE,SF-SAEA,15,0.7445308056719105,0.12098207030231294,84,0.8619204764273863
LCE,Physics-free,15,0.7868308885133438,0.10007656249878359,77,0.870453806843956
LCE,MF-SAEA,15,0.8148582147407066,0.09080983925631993,77,0.8921483381466866
LCE,Proposed,15,0.8593378091873587,0.06922889829181991,58,0.9282651668135582
SMP,NSGA-II,1,0.6689939429167305,0.15285352852613784,120,0.8037620203599092
SMP,MOEA/D,1,0.690689171958773,0.14810555106550277,120,0.807957951584482
SMP,SMS-EGO,1,0.7336729384512395,0.12762720764884264,92,0.81211141283304
SMP,ParEGO,1,0.7544824644231871,0.11401518667819115,91,0.8385958020655726
SMP,GP-BO,1,0.7547544031098024,0.11018962585249333,93,0.8549041695595053
SMP,SF-SAEA,1,0.7680426786353854,0.10355498909090352,78,0.8588410060146178
SMP,Physics-free,1,0.7897339479586408,0.09359526162064387,72,0.8429038880429827
SMP,MF-SAEA,1,0.8219517326773194,0.0805659301979488,71,0.9138880119681545
SMP,Proposed,1,0.9043856008056453,0.03742427169209648,57,0.9554794500074097
SMP,NSGA-II,2,0.670144447387525,0.16033303891713402,120,0.8046899711985234
SMP,MOEA/D,2,0.7037745582350339,0.14734150389039816,119,0.8209474383925321
SMP,SMS-EGO,2,0.7554429590818811,0.10755274544763203,100,0.8184669087739046
SMP,ParEGO,2,0.7626375917054529,0.1035483248587461,95,0.8438350051706284
SMP,GP-BO,2,0.7647899158415302,0.10735422536173683,91,0.855967317358674
SMP,SF-SAEA,2,0.7848753112695912,0.09440932641710212,92,0.8925623845284644
SMP,Physics-free,2,0.7973936329565436,0.0982375832576798,83,0.8742137747327666
SMP,MF-SAEA,2,0.8212911746842848,0.08678140599481889,68,0.9009416312982742
SMP,Proposed,2,0.8707647355575857,0.0612016143645613,58,0.9624688582826796
SMP,NSGA-II,3,0.6677272471692269,0.15751714793263574,120,0.8032660369715926
SMP,MOEA/D,3,0.7048425878626778,0.1381752014502798,120,0.8076290865226091
SMP,SMS-EGO,3,0.7406801121457351,0.11799226073031248,95,0.8296249533350191
SMP,ParEGO,3,0.7385352807026233,0.11156208433353905,93,0.834149065046444
SMP,GP-BO,3,0.7419779860581288,0.11919527603213013,97,0.8670703806843388
SMP,SF-SAEA,3,0.7731756010684082,0.10517748822079474,85,0.8625586921654702
SMP,Physics-free,3,0.7879299653552791,0.09646326275887444,77,0.8593229623607057
SMP,MF-SAEA,3,0.8192852110817065,0.08204006335186903,72,0.9024126214638576
SMP,Proposed,3,0.8801934186007443,0.04979072409119373,55,0.9581063425752646
SMP,NSGA-II,4,0.6762788178379388,0.15196979317912396,115,0.8053368017969752
SMP,MOEA/D,4,0.6978143360205497,0.14619599065936933,120,0.7963916421389694
SMP,SMS-EGO,4,0.7543729637867872,0.10828083431337122,99,0.8466628940677788
SMP,ParEGO,4,0.7467955727996716,0.11905462018717058,95,0.8526681220968272
SMP,GP-BO,4,0.7850459532631053,0.10135942703899212,87,0.8816298907875834
SMP,SF-SAEA,4,0.7811886506127139,0.09803862885415131,85,0.8559123311991124
SMP,Physics-free,4,0.8059625034012047,0.08484091638070577,84,0.8711231364770087
SMP,MF-SAEA,4,0.8415085268198041,0.07128819894902774,75,0.9118229125244962
SMP,Proposed,4,0.8874249386164214,0.04981910222172117,61,0.9617373259788741
SMP,NSGA-II,5,0.6715756472774109,0.1667024998790306,119,0.8143039657762855
SMP,MOEA/D,5,0.6986563116017698,0.1429063135987142,115,0.8284384923426084
SMP,SMS-EGO,5,0.7471257021211228,0.11729516628239856,96,0.8480666279534587
SMP,ParEGO,5,0.7701367849726888,0.10490065869931119,94,0.8433188094484668
SMP,GP-BO,5,0.773823942225804,0.09987823068290873,93,0.85166756273378
SMP,SF-SAEA,5,0.7674369236386704,0.10684648581526218,85,0.8697941280400172
SMP,Physics-free,5,0.7806914133338294,0.10175200361180987,84,0.87278759022263
SMP,MF-SAEA,5,0.8375195278083076,0.07163409118953672,77,0.9127749728248391
SMP,Proposed,5,0.9062288046864625,0.035,56,0.9426143191734568
SMP,NSGA-II,6,0.6912791161908185,0.14772711537721764,120,0.7886785877548503
SMP,MOEA/D,6,0.7035357438675773,0.15247026696537935,120,0.807485843360929
SMP,SMS-EGO,6,0.758013804504559,0.11511685594277922,94,0.8434114335110251
SMP,ParEGO,6,0.7321421256784747,0.11809029462676188,95,0.8661739158078807
SMP,GP-BO,6,0.7676008491925772,0.09896564893380584,96,0.8514143579375492
SMP,SF-SAEA,6,0.7861593366200725,0.09541099732602527,81,0.8871921782634888
SMP,Physics-free,6,0.7944998631343371,0.10179071694126224,78,0.8576840659590967
SMP,MF-SAEA,6,0.8315944896321191,0.07632381129896529,76,0.9215179927532776
SMP,Proposed,6,0.9059646833000846,0.041114361010220854,60,0.9541866754840298
SMP,NSGA-II,7,0.6842885993314559,0.1548816281618497,117,0.7955720705690852
SMP,MOEA/D,7,0.6972695017862285,0.14977883775549525,119,0.8020133825031439
SMP,SMS-EGO,7,0.7306121861937331,0.11918530988112676,94,0.831054314115465
SMP,ParEGO,7,0.751686910648112,0.11249052233251136,103,0.8432011923129364
SMP,GP-BO,7,0.754820620407201,0.11008616715587918,95,0.8467325791892346
SMP,SF-SAEA,7,0.7702086042796134,0.10687839944715673,87,0.8601768845351299
SMP,Physics-free,7,0.7782508863070474,0.0988359973001712,83,0.8785290268465562
SMP,MF-SAEA,7,0.814556781112615,0.08624539794642799,72,0.9101195471982695
SMP,Proposed,7,0.8750372742209755,0.055668648766017834,55,0.9611776810891733
SMP,NSGA-II,8,0.672719492781326,0.16946863786651176,120,0.8095145087913291
SMP,MOEA/D,8,0.6849792850210497,0.14596092672095898,120,0.7994571157961612
SMP,SMS-EGO,8,0.7443710382711048,0.1169478532677015,97,0.8555190567290496
SMP,ParEGO,8,0.7501153049100172,0.10961475863655218,97,0.8500590980351665
SMP,GP-BO,8,0.7549757093113257,0.11305655225983648,91,0.8581934295010895
SMP,SF-SAEA,8,0.7860026662113456,0.10227620972622867,86,0.8881167425178302
SMP,Physics-free,8,0.7923171995775091,0.09800038324503457,85,0.8666395317358924
SMP,MF-SAEA,8,0.8200885689211365,0.08188500915108847,76,0.8970240695473699
SMP,Proposed,8,0.8973531528060787,0.04610889415864867,61,0.9544597129916692
SMP,NSGA-II,9,0.6772973152089768,0.1659647721004131,116,0.8027510321307075
SMP,MOEA/D,9,0.7023994342762265,0.14040666794092418,117,0.7939212759254854
SMP,SMS-EGO,9,0.7497894281132111,0.10789718486228732,101,0.8347428136661755
SMP,ParEGO,9,0.7394132904422347,0.11871307426943735,95,0.8452716604842612
SMP,GP-BO,9,0.7669729210839445,0.10982290861222263,90,0.8480047006611177
SMP,SF-SAEA,9,0.7773856723907686,0.10061036744669612,86,0.8604667234494103
SMP,Physics-free,9,0.8102209017778842,0.08950441228271853,79,0.8605031999437244
SMP,MF-SAEA,9,0.8213587609063351,0.085877736753277,79,0.9046834877169019
SMP,Proposed,9,0.8962637819374042,0.03913500389936243,56,0.9480818856628924
SMP,NSGA-II,10,0.6876943127838304,0.15269163688032403,120,0.7996714078773719
SMP,MOEA/D,10,0.695064950897843,0.15445313053466225,120,0.8192577832893495
SMP,SMS-EGO,10,0.7252638661611821,0.12705230028681697,103,0.8438024922389327
SMP,ParEGO,10,0.7595438391104166,0.11504361779373984,98,0.865260680768558
SMP,GP-BO,10,0.7751750186730408,0.11539178264663474,93,0.8581332822310348
SMP,SF-SAEA,10,0.7702867913937566,0.10872664279140778,88,0.8680012546426011
SMP,Physics-free,10,0.8152485851534028,0.0823526413971206,86,0.8717822557594539
SMP,MF-SAEA,10,0.819857843808887,0.08149738473431455,69,0.8771869688306345
SMP,Proposed,10,0.8920801657498524,0.05434796847587712,53,0.9593612931920599
SMP,NSGA-II,11,0.6644815550608597,0.15628980626748318,120,0.7956154976203714
SMP,MOEA/D,11,0.6843338456390303,0.144004576866529,120,0.7813564590494028
SMP,SMS-EGO,11,0.7489177815487326,0.11436568566958732,99,0.8374273080852375
SMP,ParEGO,11,0.750876662434321,0.11406130879337188,96,0.8451556507445781
SMP,GP-BO,11,0.7715475035741811,0.11161065902716302,96,0.8834080618110484
SMP,SF-SAEA,11,0.7635397879789249,0.1091371038201231,85,0.8743416835840673
SMP,Physics-free,11,0.8137194121402231,0.08254405631062356,80,0.8650451418534594
SMP,MF-SAEA,11,0.8330760546848442,0.07898455774181595,75,0.8904166700122007
SMP,Proposed,11,0.8868190777063162,0.05027290151642991,54,0.9664008800021544
SMP,NSGA-II,12,0.7090663828961308,0.13770674875715855,118,0.7881018370882303
SMP,MOEA/D,12,0.6981259264646293,0.14757293621550394,114,0.8114054485834644
SMP,SMS-EGO,12,0.7480836116243692,0.11081014066167416,96,0.8497264495246987
SMP,ParEGO,12,0.7674370055859263,0.11087679681378688,96,0.8738548837518104
SMP,GP-BO,12,0.7524597576490226,0.1145932960782219,90,0.8447884317343619
SMP,SF-SAEA,12,0.7893204224786791,0.0965218303088233,80,0.8675314940589256
SMP,Physics-free,12,0.7933985139168664,0.09731196055720462,82,0.8724204315872476
SMP,MF-SAEA,12,0.8163432448232213,0.07830554721418086,78,0.8930787934264539
SMP,Proposed,12,0.9007868034845252,0.04523020541684169,61,0.9666373745258225
SMP,NSGA-II,13,0.684533451651083,0.1564173824762315,119,0.8221667031956177
SMP,MOEA/D,13,0.6909760219014374,0.15351654117227564,119,0.8119930767843162
SMP,SMS-EGO,13,0.7416941127252186,0.11513570462916027,96,0.822890751116869
SMP,ParEGO,13,0.7470790659638685,0.11380381922399196,92,0.8525835281851778
SMP,GP-BO,13,0.7666612455166897,0.10861496151297803,91,0.8538213493863879
SMP,SF-SAEA,13,0.7879957894615065,0.09253455558333938,88,0.8832755006279177
SMP,Physics-free,13,0.7793785168822359,0.10431198091445715,85,0.8633569548715364
SMP,MF-SAEA,13,0.8047335924011547,0.08786341873591688,69,0.9147363014540958
SMP,Proposed,13,0.8761463410485335,0.057147835612621344,57,0.9569931686830369
SMP,NSGA-II,14,0.6840561357464929,0.15150022390179912,120,0.8079513446050415
SMP,MOEA/D,14,0.7029771581080662,0.15058650317066127,112,0.8148581869485666
SMP,SMS-EGO,14,0.7361948681720464,0.12216367892179043,101,0.8484665809152606
SMP,ParEGO,14,0.735708898591307,0.11943373503402364,100,0.8347187106641865
SMP,GP-BO,14,0.7460756603113374,0.11104415443428353,94,0.8692394367277534
SMP,SF-SAEA,14,0.7572525922796309,0.1158234499874655,82,0.8760699541544801
SMP,Physics-free,14,0.7887615254732165,0.09674203309787295,81,0.8556803536052094
SMP,MF-SAEA,14,0.8272045106166787,0.08232434188834054,77,0.9226324935940171
SMP,Proposed,14,0.8888688989343172,0.05328819122778182,58,0.9538004078265047
SMP,NSGA-II,15,0.6678175586185068,0.1559956173855628,114,0.7900597309027382
SMP,MOEA/D,15,0.7088758066947976,0.13972702799930387,120,0.818184108713512
SMP,SMS-EGO,15,0.7396226585058604,0.12461239597506617,99,0.8376164825150141
SMP,ParEGO,15,0.7552768597185945,0.1094657024236069,95,0.8424841279567744
SMP,GP-BO,15,0.7500090279895916,0.11629444038693744,94,0.8412087158447925
SMP,SF-SAEA,15,0.7697912617250385,0.10772188426559161,88,0.8901229100323391
SMP,Physics-free,15,0.7880594772441423,0.09838579784908925,76,0.8783124987058782
SMP,MF-SAEA,15,0.8189127745705598,0.07632060340250824,79,0.9093917728964279
SMP,Proposed,15,0.870331884951411,0.0486261542762252,57,0.9286785685153022
Hydrogel,NSGA-II,1,0.6050812277451825,0.1956999617708702,119,0.7768035088829809
Hydrogel,MOEA/D,1,0.6290827875418005,0.18842423504607272,119,0.8009650962871622
Hydrogel,SMS-EGO,1,0.6931107252900612,0.14085399190429915,99,0.8525767162603951
Hydrogel,ParEGO,1,0.7023995275924546,0.13486803969113995,97,0.8329201902040181
Hydrogel,GP-BO,1,0.7028728458998947,0.14209477855543703,95,0.8359777684796034
Hydrogel,SF-SAEA,1,0.7157061803598737,0.1286542382090638,91,0.8755018801635268
Hydrogel,Physics-free,1,0.7329771120592592,0.12275038621230415,79,0.8522407037004827
Hydrogel,MF-SAEA,1,0.7909288607866319,0.08874112516380721,80,0.9275711710821175
Hydrogel,Proposed,1,0.783000818380956,0.0959003689495935,64,0.9176725849668795
Hydrogel,NSGA-II,2,0.6103062443248785,0.1877739051418009,118,0.7826996236394153
Hydrogel,MOEA/D,2,0.6354763539324065,0.17127776974985787,118,0.7899820485039559
Hydrogel,SMS-EGO,2,0.679556337973767,0.14311381849240273,105,0.815735926146001
Hydrogel,ParEGO,2,0.6676146059884016,0.1487937128362468,97,0.8397978952205459
Hydrogel,GP-BO,2,0.7020375161094221,0.12849601127735708,99,0.8548019727311491
Hydrogel,SF-SAEA,2,0.6933115736653261,0.1423322820993897,81,0.87586941894712
Hydrogel,Physics-free,2,0.7173591380720585,0.13131466169353626,84,0.8498717502430836
Hydrogel,MF-SAEA,2,0.7641189679635408,0.10005464387413067,76,0.9087859634428943
Hydrogel,Proposed,2,0.784640797047476,0.10307354897485156,62,0.9515675969036234
Hydrogel,NSGA-II,3,0.6328243446515011,0.1713643737006544,119,0.7837993194585405
Hydrogel,MOEA/D,3,0.6583850521695424,0.16592613540889023,120,0.8047223434227107
Hydrogel,SMS-EGO,3,0.6885357420263594,0.137507401292575,93,0.8285879810784369
Hydrogel,ParEGO,3,0.7098379079554138,0.13562353937936214,96,0.8436856349273346
Hydrogel,GP-BO,3,0.7159534020275814,0.13042089720720096,99,0.8314910238812786
Hydrogel,SF-SAEA,3,0.7262090615698297,0.12612286742365078,89,0.8755891261856376
Hydrogel,Physics-free,3,0.7526548961368745,0.10830645930883187,86,0.8597452680905091
Hydrogel,MF-SAEA,3,0.791862531288268,0.0910605943540871,76,0.9106653650055909
Hydrogel,Proposed,3,0.7882660592431776,0.09193054888973719,60,0.932342949903433
Hydrogel,NSGA-II,4,0.6242606777384947,0.17463245812550945,116,0.766554984567117
Hydrogel,MOEA/D,4,0.6319676402459466,0.17971898224260646,120,0.8145666341368489
Hydrogel,SMS-EGO,4,0.6906832136800384,0.13936117855812336,100,0.8370757954954243
Hydrogel,ParEGO,4,0.682680215698017,0.1477072147154741,102,0.8511215418375033
Hydrogel,GP-BO,4,0.7000875906920582,0.14674920547510006,93,0.848905347903583
Hydrogel,SF-SAEA,4,0.7164574204711494,0.12931588359264468,87,0.8583437031946715
Hydrogel,Physics-free,4,0.7425234028086016,0.11990749625525218,83,0.8583295017048781
Hydrogel,MF-SAEA,4,0.7865807672419508,0.0990523103320558,73,0.886577518258103
Hydrogel,Proposed,4,0.7764491487667061,0.10537939471803956,63,0.9315069580200822
Hydrogel,NSGA-II,5,0.6166061838025032,0.1862607341361112,114,0.8112624877856395
Hydrogel,MOEA/D,5,0.6160057961731519,0.18207053786912103,114,0.79360288967717
Hydrogel,SMS-EGO,5,0.6692118893153172,0.15643685456562142,98,0.8444976840022714
Hydrogel,ParEGO,5,0.6825410888465425,0.15168642376865463,100,0.8411678955944414
Hydrogel,GP-BO,5,0.7042373736749432,0.1363597605913157,91,0.8517784291689259
Hydrogel,SF-SAEA,5,0.6898576949942203,0.14395980496818048,92,0.8750912695995741
Hydrogel,Physics-free,5,0.699581506631804,0.13656352405400238,85,0.8593919236287451
Hydrogel,MF-SAEA,5,0.788852182529626,0.09979988211297398,77,0.9157658285793263
Hydrogel,Proposed,5,0.7857560879632999,0.10518513326413802,63,0.9349289413100706
Hydrogel,NSGA-II,6,0.6176968890785994,0.1769942630613362,115,0.7716552712296969
Hydrogel,MOEA/D,6,0.6402623726401748,0.16936137307758947,120,0.8087024367673463
Hydrogel,SMS-EGO,6,0.705810059031761,0.1300679645702314,98,0.8251677902158168
Hydrogel,ParEGO,6,0.6874501921500819,0.14329620427511403,104,0.8350390499511258
Hydrogel,GP-BO,6,0.6977858545897947,0.13063070514535097,98,0.8399025779350592
Hydrogel,SF-SAEA,6,0.7241009568490742,0.11826656326230292,90,0.8666683731593766
Hydrogel,Physics-free,6,0.7331414695835625,0.1184836434874688,85,0.855414531059567
Hydrogel,MF-SAEA,6,0.7676717480774623,0.11089760911969106,75,0.8972456184243894
Hydrogel,Proposed,6,0.79150288800642,0.10278866999384151,54,0.9408076886864799
Hydrogel,NSGA-II,7,0.6446862557552118,0.17872862895563213,120,0.7725832197405473
Hydrogel,MOEA/D,7,0.6334526869292995,0.1748603553704761,120,0.7927928419804314
Hydrogel,SMS-EGO,7,0.6991171347132442,0.13446814870319268,102,0.8522736560681383
Hydrogel,ParEGO,7,0.6829581762611246,0.14164372421334004,100,0.8723437275848523
Hydrogel,GP-BO,7,0.6863169593696185,0.13926977593018858,92,0.8415832830560774
Hydrogel,SF-SAEA,7,0.6906163131184141,0.15105398135850787,96,0.8630614175630865
Hydrogel,Physics-free,7,0.7299667499691807,0.12393809295747678,86,0.8535468348204843
Hydrogel,MF-SAEA,7,0.7829704217336461,0.1010886757753108,78,0.9169253251988855
Hydrogel,Proposed,7,0.7994032385743037,0.09094374410921027,60,0.9616381708178616
Hydrogel,NSGA-II,8,0.6339821055577359,0.18298335988836603,120,0.7848754219702287
Hydrogel,MOEA/D,8,0.6361953199645507,0.17550864257328413,120,0.7821427615516936
Hydrogel,SMS-EGO,8,0.6920572835556558,0.13304034047709135,103,0.8238038662807037
Hydrogel,ParEGO,8,0.6938471763661412,0.13490407334643234,95,0.8396783965294053
Hydrogel,GP-BO,8,0.7210191357860929,0.1267122811216499,103,0.8340262250155633
Hydrogel,SF-SAEA,8,0.7174486982139112,0.13058117533948127,92,0.874254285986248
Hydrogel,Physics-free,8,0.7293901507698191,0.12330269417020637,82,0.8588569072108309
Hydrogel,MF-SAEA,8,0.7771847565255572,0.09549464339442516,74,0.8895201280934865
Hydrogel,Proposed,8,0.7965101080270622,0.09151760661795554,57,0.9214557820566861
Hydrogel,NSGA-II,9,0.6241251840521899,0.17716063049074446,120,0.7816266106656704
Hydrogel,MOEA/D,9,0.6228122861894937,0.19065922453978526,120,0.7996307768577469
Hydrogel,SMS-EGO,9,0.6929436585963668,0.13636871933202413,102,0.8075173104025111
Hydrogel,ParEGO,9,0.6903669772074529,0.13752990181188265,102,0.850864559274424
Hydrogel,GP-BO,9,0.7144103411972635,0.12505885054521776,95,0.8547904531073512
Hydrogel,SF-SAEA,9,0.7466037933970684,0.12214630557375697,96,0.8661554504751204
Hydrogel,Physics-free,9,0.737266031020508,0.11922623088299944,86,0.852298596367759
Hydrogel,MF-SAEA,9,0.794086778548873,0.0911806494184639,74,0.8993397613671649
Hydrogel,Proposed,9,0.7806182396955645,0.10825350336980676,65,0.935246896051445
Hydrogel,NSGA-II,10,0.61830205567419,0.1847250117015603,115,0.7728792437979708
Hydrogel,MOEA/D,10,0.6561379581199148,0.17114450849412907,120,0.7845205549412333
Hydrogel,SMS-EGO,10,0.6875089573751331,0.1409214961562623,97,0.8325691515444061
Hydrogel,ParEGO,10,0.7016771882832797,0.13625096052275198,103,0.8568758674587599
Hydrogel,GP-BO,10,0.713793169139667,0.13003190250285665,96,0.8476566797930125
Hydrogel,SF-SAEA,10,0.7242410534389093,0.12422567512787061,83,0.8634925478163236
Hydrogel,Physics-free,10,0.7160725988254679,0.1328418215791807,83,0.8740700240872106
Hydrogel,MF-SAEA,10,0.7828538394022788,0.1010050810219281,78,0.8966372740680927
Hydrogel,Proposed,10,0.773228401437823,0.10484718684129254,61,0.94396977796622
Hydrogel,NSGA-II,11,0.6331056670129093,0.17420654002782343,120,0.8086592503576597
Hydrogel,MOEA/D,11,0.6480128307752537,0.16689040934599322,120,0.777865832538922
Hydrogel,SMS-EGO,11,0.6753456082741551,0.1454034462548942,100,0.8420117795720639
Hydrogel,ParEGO,11,0.7058535223062212,0.1375223425843041,99,0.8468645603912207
Hydrogel,GP-BO,11,0.7047912716495216,0.13854187567114265,98,0.8287223787896687
Hydrogel,SF-SAEA,11,0.7361136585140493,0.11717453306136,90,0.867901381503788
Hydrogel,Physics-free,11,0.7499914307567258,0.10977399346862762,81,0.8577698522696079
Hydrogel,MF-SAEA,11,0.7902734310931282,0.10366795060425012,81,0.9012229225401586
Hydrogel,Proposed,11,0.7956217259587873,0.10151264974303086,61,0.9286944068405822
Hydrogel,NSGA-II,12,0.5882310099701181,0.2011196637131171,116,0.8032382679496558
Hydrogel,MOEA/D,12,0.634486266319041,0.1800950113721963,119,0.803842069857683
Hydrogel,SMS-EGO,12,0.6820625904620384,0.13904034735924617,100,0.8308769022186335
Hydrogel,ParEGO,12,0.6869405259653157,0.14995462841605578,96,0.8376921556286415
Hydrogel,GP-BO,12,0.7025892554985267,0.12778161458608583,99,0.8435945791809775
Hydrogel,SF-SAEA,12,0.7350836878280786,0.11910932662719213,88,0.8762328682850228
Hydrogel,Physics-free,12,0.7364411560332452,0.1180775635862099,84,0.8726556108972378
Hydrogel,MF-SAEA,12,0.7882320313520372,0.09532124522573686,79,0.8932364274508559
Hydrogel,Proposed,12,0.7921534592632351,0.09461665618342732,63,0.9299922846153093
Hydrogel,NSGA-II,13,0.6142047394948222,0.1819489915975428,120,0.7828573417797562
Hydrogel,MOEA/D,13,0.6299982625442059,0.17628221767220922,120,0.8118668601609096
Hydrogel,SMS-EGO,13,0.6890925003987035,0.13850536038305758,104,0.8481972920482101
Hydrogel,ParEGO,13,0.7386267222649704,0.1112502596344425,96,0.8288982926221727
Hydrogel,GP-BO,13,0.7019258449293414,0.13486614523707555,101,0.8449396828283976
Hydrogel,SF-SAEA,13,0.7288376932683935,0.12956036522884232,85,0.8554925020251615
Hydrogel,Physics-free,13,0.7394609581672499,0.12383345151619081,89,0.8451083519664533
Hydrogel,MF-SAEA,13,0.7685380605111904,0.10301781239860969,77,0.9117021451031592
Hydrogel,Proposed,13,0.7857751936162468,0.10010738420614249,53,0.9247844906648793
Hydrogel,NSGA-II,14,0.6144610111900505,0.18142399296347853,119,0.7795964163570632
Hydrogel,MOEA/D,14,0.6345988392533234,0.1722386257454122,120,0.8122771960556991
Hydrogel,SMS-EGO,14,0.6822297666115517,0.13760776849418363,97,0.8261060477351242
Hydrogel,ParEGO,14,0.6870279747686584,0.14067216453192694,95,0.8637810524478815
Hydrogel,GP-BO,14,0.6897379236673874,0.1404871336908575,95,0.8332676097536547
Hydrogel,SF-SAEA,14,0.7076039883310229,0.1351907202202685,92,0.8587226004314367
Hydrogel,Physics-free,14,0.7059514286593013,0.13102307768851856,79,0.8456528103526298
Hydrogel,MF-SAEA,14,0.7829437669222993,0.08927546537958879,80,0.895184727862164
Hydrogel,Proposed,14,0.7746803042784353,0.10070616049101778,58,0.933794864698578
Hydrogel,NSGA-II,15,0.5937176875416879,0.19538567571447646,114,0.8028074226727429
Hydrogel,MOEA/D,15,0.6385258891935243,0.17189332431622784,119,0.8037061529263725
Hydrogel,SMS-EGO,15,0.6832735327031034,0.14868973949559003,100,0.8400590623468972
Hydrogel,ParEGO,15,0.6742735195254591,0.15233543662921983,99,0.8579926619905355
Hydrogel,GP-BO,15,0.7130992628933076,0.13471530333729204,94,0.8561000713269642
Hydrogel,SF-SAEA,15,0.7050028955604025,0.13126960128340756,87,0.8767306420655792
Hydrogel,Physics-free,15,0.7098722677430306,0.13275683108273106,84,0.8699747911907888
Hydrogel,MF-SAEA,15,0.7709620756567632,0.10856367891009892,78,0.9090548932033045
Hydrogel,Proposed,15,0.7624041665698282,0.11210742543674494,61,0.9408997231717061
DEA,NSGA-II,1,0.653034588402207,0.16474258511384215,118,0.814166439875115
DEA,MOEA/D,1,0.644939363523712,0.16692097582647414,120,0.802213519026318
DEA,SMS-EGO,1,0.7139070491965854,0.13587452760687568,99,0.8255772423642174
DEA,ParEGO,1,0.7146853467955613,0.12355064492442196,96,0.8482212313125923
DEA,GP-BO,1,0.7305540166167858,0.11234773064782481,87,0.8493561899615912
DEA,SF-SAEA,1,0.7319491951465131,0.11429310994595272,90,0.8764283654970793
DEA,Physics-free,1,0.7686385688623053,0.1103625606933026,85,0.8629783132595608
DEA,MF-SAEA,1,0.8113973680515097,0.08281765780980042,76,0.9163075274595618
DEA,Proposed,1,0.8631872536739451,0.06144410625143609,57,0.9417342846142196
DEA,NSGA-II,2,0.6582587685747681,0.1592054552156199,119,0.7953591870938548
DEA,MOEA/D,2,0.6765158493773209,0.1604504925782483,120,0.8009431868098558
DEA,SMS-EGO,2,0.711052097632516,0.1326058918832629,100,0.8313500451835313
DEA,ParEGO,2,0.7400872827321936,0.11732115372531271,96,0.8413417511459866
DEA,GP-BO,2,0.7326690770461143,0.11622411001532854,95,0.8703922573493174
DEA,SF-SAEA,2,0.768282471766952,0.1109295929489789,91,0.8803619647070526
DEA,Physics-free,2,0.7856900367329176,0.1008496836526242,91,0.8674789021250436
DEA,MF-SAEA,2,0.8001839448143582,0.08832423724987379,73,0.9001714003073725
DEA,Proposed,2,0.8830145866172227,0.0667263061115257,66,0.9612115742013756
DEA,NSGA-II,3,0.6526555959640423,0.1760115005646668,116,0.7918245678248601
DEA,MOEA/D,3,0.6769096036741726,0.1511712550664687,119,0.8318043884615389
DEA,SMS-EGO,3,0.7131025069450924,0.12038353695771645,95,0.818277715952219
DEA,ParEGO,3,0.7391927866185198,0.12099127322316743,97,0.8341634513432384
DEA,GP-BO,3,0.745241112326635,0.11843069456859123,90,0.8428227339137021
DEA,SF-SAEA,3,0.7556749109871508,0.11718561305106998,90,0.8501843628225241
DEA,Physics-free,3,0.7824593944656092,0.09735817149693213,83,0.8540447513070321
DEA,MF-SAEA,3,0.8200598237944815,0.08562310818788807,76,0.8878441470423525
DEA,Proposed,3,0.8772281954674125,0.060536092025606156,62,0.9530643636280319
DEA,NSGA-II,4,0.6667259264640852,0.1670298187898332,118,0.7855148581063776
DEA,MOEA/D,4,0.6557992419980346,0.1663647799619939,120,0.7926663008259162
DEA,SMS-EGO,4,0.7253440164890064,0.12454197382449567,100,0.8428954783729662
DEA,ParEGO,4,0.7404007729579558,0.12191336966628437,100,0.8484363622479175
DEA,GP-BO,4,0.7290874371347568,0.11786334558561555,95,0.8309812746461118
DEA,SF-SAEA,4,0.7376884291515299,0.12232334961086413,89,0.8827316819633821
DEA,Physics-free,4,0.7754994310116491,0.10630927039225802,83,0.8533618210050625
DEA,MF-SAEA,4,0.8015311275752268,0.08048753931464463,73,0.8979991394073698
DEA,Proposed,4,0.8691545939773228,0.05536863118054061,60,0.9524047183314305
DEA,NSGA-II,5,0.6512566613685555,0.16485728930952925,119,0.7964057269982103
DEA,MOEA/D,5,0.676592470255439,0.14998574644918553,118,0.8198919137600835
DEA,SMS-EGO,5,0.7180660290762888,0.12181243306530071,97,0.8272404499713353
DEA,ParEGO,5,0.7241425889976697,0.1213390112191452,104,0.8339595910475894
DEA,GP-BO,5,0.7171046294667395,0.12415763791839947,98,0.8691965012633817
DEA,SF-SAEA,5,0.7472053004355333,0.11946279622479217,86,0.8607117209572681
DEA,Physics-free,5,0.7629853092505927,0.11111328254339418,86,0.8709202383621027
DEA,MF-SAEA,5,0.7811099375618257,0.09591031170156854,77,0.9034912175102758
DEA,Proposed,5,0.86985216017531,0.05573633045307667,56,0.9312889283259155
DEA,NSGA-II,6,0.6608892558456574,0.15940303092670627,120,0.788393698163118
DEA,MOEA/D,6,0.6544791329332793,0.16787022493659243,118,0.8085345027640594
DEA,SMS-EGO,6,0.7135098723131631,0.13603364676361276,103,0.8480478097780075
DEA,ParEGO,6,0.7252010985437204,0.1287284054692946,101,0.8500741186243953
DEA,GP-BO,6,0.7418618575457485,0.11995842288448401,91,0.858390796082377
DEA,SF-SAEA,6,0.7443754447822706,0.11274845005422993,90,0.8765027836794259
DEA,Physics-free,6,0.7757152671263609,0.10605906780306111,83,0.86140639928388
DEA,MF-SAEA,6,0.7911699136566295,0.0905147614032196,77,0.8991223167994281
DEA,Proposed,6,0.8735634909802985,0.05957832542322741,60,0.940610146429951
DEA,NSGA-II,7,0.6653837660477313,0.16093758677290523,120,0.7993950712340367
DEA,MOEA/D,7,0.6807775745676924,0.15981675063023063,120,0.810968547723429
DEA,SMS-EGO,7,0.7220499332813293,0.12702721526074745,95,0.8203388352429197
DEA,ParEGO,7,0.7308733229201886,0.12042846813358415,93,0.8603082175259357
DEA,GP-BO,7,0.7336995595018261,0.12758225182471963,92,0.851825588989657
DEA,SF-SAEA,7,0.7653226885386996,0.10725702326182475,87,0.8726443006487747
DEA,Physics-free,7,0.780109435815246,0.10090023761609375,81,0.8626787353882216
DEA,MF-SAEA,7,0.8130926865196817,0.08740081868990374,76,0.8973946943835509
DEA,Proposed,7,0.861956424264455,0.06226143979779634,61,0.9369084144284361
DEA,NSGA-II,8,0.6794920029980485,0.15470685591329744,113,0.7994524680011653
DEA,MOEA/D,8,0.6717680005437174,0.15230189381507192,120,0.816693606430747
DEA,SMS-EGO,8,0.7242103748044189,0.13075357320984687,96,0.8229951520853919
DEA,ParEGO,8,0.7364998271908739,0.11928701698705976,91,0.8389084871652159
DEA,GP-BO,8,0.7564543810712745,0.11040836449737629,96,0.8591317521461631
DEA,SF-SAEA,8,0.7708263742094957,0.11131832943110877,91,0.880032095465195
DEA,Physics-free,8,0.7938446582060915,0.09101058160740588,81,0.8560190050007744
DEA,MF-SAEA,8,0.8092394360151963,0.08953644092867913,73,0.9042312348154854
DEA,Proposed,8,0.8808930181188986,0.06332835886643139,59,0.9366557294991014
DEA,NSGA-II,9,0.6439295575975694,0.16957548219666185,120,0.8057332793188497
DEA,MOEA/D,9,0.6524593942200699,0.1656957310110137,119,0.8188734970136821
DEA,SMS-EGO,9,0.6982215944644462,0.1398418808734394,102,0.8286072948786771
DEA,ParEGO,9,0.7111443845357038,0.13361677921905593,103,0.8548007765716793
DEA,GP-BO,9,0.7398539174930536,0.12099708173114981,88,0.8375704952445682
DEA,SF-SAEA,9,0.7245889934713818,0.12201838690280613,88,0.8678397421726812
DEA,Physics-free,9,0.7427765305011772,0.1128049080750747,88,0.8674069244257867
DEA,MF-SAEA,9,0.7878136688059453,0.08858001714466604,73,0.896987401070997
DEA,Proposed,9,0.8693228658661516,0.05687861830291473,56,0.9618720332038306
DEA,NSGA-II,10,0.652365027530054,0.16867077975431105,113,0.7692544516666914
DEA,MOEA/D,10,0.6616836567728422,0.17212284276535958,120,0.7999578570544633
DEA,SMS-EGO,10,0.7260115840999575,0.1206160366286598,96,0.8445770223604526
DEA,ParEGO,10,0.7446854067344,0.11591036464005995,96,0.8335344232635985
DEA,GP-BO,10,0.733022206544606,0.11535706461271768,94,0.8525683118340388
DEA,SF-SAEA,10,0.7411994114945559,0.11853059310768498,88,0.8678623804336848
DEA,Physics-free,10,0.7727867777828318,0.1053080388110099,81,0.87335082459167
DEA,MF-SAEA,10,0.8048015932638076,0.09406701410058187,73,0.9010121141285893
DEA,Proposed,10,0.8870779475488378,0.047777826469518524,60,0.9483912192301102
DEA,NSGA-II,11,0.672965751004541,0.16150422502526163,116,0.8009706738558343
DEA,MOEA/D,11,0.6846775255797236,0.14205260612341808,117,0.8052488465329709
DEA,SMS-EGO,11,0.7134163149925051,0.12870308970341238,99,0.8400046906262579
DEA,ParEGO,11,0.7197695687060376,0.13415203719339008,94,0.8588088996341008
DEA,GP-BO,11,0.7402272574306369,0.12504126337522492,93,0.852863984539985
DEA,SF-SAEA,11,0.756299313908372,0.11324753605709026,92,0.887538319169344
DEA,Physics-free,11,0.790170337192417,0.10018506216434311,86,0.8691489901658582
DEA,MF-SAEA,11,0.7881466828013609,0.09421420220411333,74,0.9249739121590006
DEA,Proposed,11,0.8850643144516137,0.06379143334870681,63,0.9503943636758457
DEA,NSGA-II,12,0.6264991792505231,0.18745682415523515,120,0.8068308714355472
DEA,MOEA/D,12,0.6667845426871041,0.16080275267121247,120,0.7970356114935163
DEA,SMS-EGO,12,0.7238609095377408,0.11625343146742045,100,0.8410672770649361
DEA,ParEGO,12,0.7113095190471647,0.14261018828441416,94,0.8398831379284954
DEA,GP-BO,12,0.7261259025113134,0.12193160835695882,93,0.8499746732813956
DEA,SF-SAEA,12,0.7340308085855991,0.11829488353946,88,0.8749135701293258
DEA,Physics-free,12,0.757133498858919,0.1030517110063486,80,0.8636646446773479
DEA,MF-SAEA,12,0.7869944590482346,0.09244433575005845,81,0.8969124785523326
DEA,Proposed,12,0.8504619457742592,0.06616823930021523,57,0.9594256748939514
DEA,NSGA-II,13,0.6440751328610204,0.1747673668063002,120,0.7719726322787022
DEA,MOEA/D,13,0.6608387222447933,0.163255268876102,120,0.8096240233662271
DEA,SMS-EGO,13,0.7202508022674697,0.12523804816158293,103,0.8412048980751764
DEA,ParEGO,13,0.7138095781413208,0.13152960462574886,93,0.8507103075925851
DEA,GP-BO,13,0.7580971193562887,0.11248861612707303,92,0.8683905048296656
DEA,SF-SAEA,13,0.7530161026281673,0.10090549035295607,88,0.8756006515294391
DEA,Physics-free,13,0.7802857887043454,0.09848579815166843,83,0.8758539624081539
DEA,MF-SAEA,13,0.7837448384752831,0.10461502678288843,77,0.9052047585724442
DEA,Proposed,13,0.847194467875628,0.06723412610794176,59,0.9351208351629826
DEA,NSGA-II,14,0.663725226937919,0.16522048359060507,120,0.7964150589870627
DEA,MOEA/D,14,0.6898165759392012,0.15040750069234674,117,0.8021994949940414
DEA,SMS-EGO,14,0.7229234011328953,0.12637037920322008,102,0.8379550388409285
DEA,ParEGO,14,0.7540718390035884,0.11651024290641927,102,0.8525439172973741
DEA,GP-BO,14,0.7469996391909548,0.11125971106977516,93,0.8542059707198895
DEA,SF-SAEA,14,0.7491263284423065,0.12111002962132209,87,0.8822487672071875
DEA,Physics-free,14,0.7837211510261931,0.10336474083042266,83,0.8558720851252323
DEA,MF-SAEA,14,0.8116391269546688,0.09275377273436525,70,0.8934037764861344
DEA,Proposed,14,0.8707315513786521,0.05102144865738851,61,0.9516107145670772
DEA,NSGA-II,15,0.6733708962193862,0.15834531255196757,119,0.7779621514180074
DEA,MOEA/D,15,0.6556320548843929,0.17113596275317586,117,0.8010066464144564
DEA,SMS-EGO,15,0.7191686900123389,0.12912059279271507,98,0.8393787585978039
DEA,ParEGO,15,0.7544503460481349,0.11387513276988309,94,0.8412540590934418
DEA,GP-BO,15,0.7576741022233974,0.12082455306374841,94,0.8433216239134315
DEA,SF-SAEA,15,0.7641065344102216,0.11147784472252634,89,0.8653531338430096
DEA,Physics-free,15,0.795732728569216,0.09013801332363779,86,0.8589324990125133
DEA,MF-SAEA,15,0.7931247301041195,0.09448714679947107,75,0.90548479603583
DEA,Proposed,15,0.8674097421189547,0.06243159643276627,63,0.9588812041622069
MRC,NSGA-II,1,0.6526157733707387,0.16433745259266042,118,0.7877694722031092
MRC,MOEA/D,1,0.6577962855619932,0.1745609599025589,120,0.8053040137414965
MRC,SMS-EGO,1,0.699424877093007,0.1251522919261085,104,0.8618351269816387
MRC,ParEGO,1,0.7145013533915318,0.12904100364670157,104,0.8413878537169062
MRC,GP-BO,1,0.7346265750107258,0.11702183088080312,97,0.8488108828053605
MRC,SF-SAEA,1,0.7331481612721558,0.11643892108277393,86,0.8695312566410287
MRC,Physics-free,1,0.7418577507459566,0.117278325572657,82,0.856792899165479
MRC,MF-SAEA,1,0.777285930035926,0.10411310037878745,77,0.8993157059912548
MRC,Proposed,1,0.8514429139512095,0.06944391869202333,57,0.9469663269478695
MRC,NSGA-II,2,0.6538375204796031,0.16175061290381718,120,0.8015455466241583
MRC,MOEA/D,2,0.6667030937421687,0.16277907909395165,118,0.8127907549246123
MRC,SMS-EGO,2,0.6944777020128445,0.13994151874514787,103,0.8340485132030067
MRC,ParEGO,2,0.7055409133886438,0.13409755980991486,103,0.8337904147796034
MRC,GP-BO,2,0.7343570399507537,0.12179228024152092,93,0.8544787800317292
MRC,SF-SAEA,2,0.725438236134493,0.12115583216582959,83,0.8748838320088859
MRC,Physics-free,2,0.759652901228874,0.11312781744361947,89,0.8583306897086602
MRC,MF-SAEA,2,0.7744840737771078,0.1056726660867063,68,0.8979486707371979
MRC,Proposed,2,0.846649862896762,0.07383740506814906,61,0.9132763839139159
MRC,NSGA-II,3,0.6488480037276292,0.16828302294291164,113,0.785362061245284
MRC,MOEA/D,3,0.6535491804437825,0.16699173119656702,120,0.801179394168998
MRC,SMS-EGO,3,0.6949572595999655,0.14191986076621418,101,0.8284786484462093
MRC,ParEGO,3,0.7298566779991937,0.12622382395986853,95,0.8576145598753536
MRC,GP-BO,3,0.7294380567745662,0.12155084825810746,88,0.8405423155813343
MRC,SF-SAEA,3,0.7482902285198778,0.12393456437694352,87,0.8618934732227617
MRC,Physics-free,3,0.7609808589435606,0.1101014258442211,86,0.8502054850466959
MRC,MF-SAEA,3,0.7927644422800807,0.09748659605642994,74,0.8907144575756767
MRC,Proposed,3,0.8409373563554429,0.0762299358248531,58,0.9318723122139956
MRC,NSGA-II,4,0.6232891443842805,0.1831179688000987,120,0.7858644541318118
MRC,MOEA/D,4,0.6688073112081938,0.16980708106291598,116,0.7794222594561023
MRC,SMS-EGO,4,0.714567386244174,0.1265596812416621,104,0.8360046999171595
MRC,ParEGO,4,0.7197923141515951,0.12513580777364755,88,0.837699999879106
MRC,GP-BO,4,0.7398207765923388,0.12117635995221104,93,0.8506979813123451
MRC,SF-SAEA,4,0.7549549985199941,0.11177274908683313,90,0.8652444516754607
MRC,Physics-free,4,0.7566819610815422,0.11022885361417899,85,0.8611420518443094
MRC,MF-SAEA,4,0.8012393891998442,0.09116046403520528,76,0.9188419899098925
MRC,Proposed,4,0.8620982086296252,0.06282383091286435,55,0.9311979095987509
MRC,NSGA-II,5,0.6483335433536346,0.17377989162842225,120,0.7879121927527099
MRC,MOEA/D,5,0.6483814078533692,0.16967351791889967,120,0.7681013075096031
MRC,SMS-EGO,5,0.6896701373761415,0.14871233520488492,103,0.8253853914596262
MRC,ParEGO,5,0.7284039994469391,0.1186917787194132,95,0.8374892428682962
MRC,GP-BO,5,0.7192301767810665,0.12688337301734723,97,0.8588625755630526
MRC,SF-SAEA,5,0.7469701762164698,0.11768230402124032,90,0.8565684691900879
MRC,Physics-free,5,0.7481802162634124,0.11436113839456828,84,0.8631407328404126
MRC,MF-SAEA,5,0.7639666400631663,0.10738476631177102,81,0.8928281411085115
MRC,Proposed,5,0.831619580913809,0.07479646342394372,57,0.9564914647390647
MRC,NSGA-II,6,0.6376927114197379,0.1702761728107281,118,0.8086128412722567
MRC,MOEA/D,6,0.6601597536335229,0.16729769207141065,118,0.8271312569995825
MRC,SMS-EGO,6,0.7117680950309782,0.12965673494653307,103,0.837223394920683
MRC,ParEGO,6,0.7080846634470719,0.13637683750237653,92,0.8344795919639448
MRC,GP-BO,6,0.7091532295872209,0.13295349567579529,90,0.8508716852955185
MRC,SF-SAEA,6,0.7197147928388248,0.1246065513219749,87,0.8502612240422719
MRC,Physics-free,6,0.7442434872539979,0.11402135265182486,82,0.8734594735546444
MRC,MF-SAEA,6,0.7663725819347801,0.10885105142131446,79,0.8994332890552781
MRC,Proposed,6,0.8529073856305732,0.06783705337333235,60,0.9466405686970981
MRC,NSGA-II,7,0.654674397751116,0.15597737910295795,116,0.7864090976167102
MRC,MOEA/D,7,0.6561515339559585,0.15765238578926777,120,0.8102651020856728
MRC,SMS-EGO,7,0.7252912681055169,0.12675645459455226,104,0.839923622557868
MRC,ParEGO,7,0.7265307830266813,0.11661898586170405,96,0.8294218558760383
MRC,GP-BO,7,0.7241629995533365,0.12738704770950524,99,0.8401360680005526
MRC,SF-SAEA,7,0.7263818499675349,0.12065923801783238,91,0.8537910699007497
MRC,Physics-free,7,0.7626691833710836,0.10666797945670818,84,0.8387142702438389
MRC,MF-SAEA,7,0.8156670837697944,0.07921488139385799,75,0.9003896676185454
MRC,Proposed,7,0.8783044536810746,0.04863126791644716,64,0.9300226255100137
MRC,NSGA-II,8,0.6413626572667457,0.17497686557786374,116,0.7921593783265718
MRC,MOEA/D,8,0.6530844595720289,0.16514770246780008,118,0.8027752953692089
MRC,SMS-EGO,8,0.7076687535116896,0.12536595113345267,100,0.8275305288431889
MRC,ParEGO,8,0.729627483736185,0.11786827624285015,97,0.8283772013549509
MRC,GP-BO,8,0.7280648767960483,0.12577344016243144,95,0.8657704891706444
MRC,SF-SAEA,8,0.7205636585420727,0.12550958410902582,94,0.8694825407451064
MRC,Physics-free,8,0.7502232329492635,0.11460582675816887,87,0.8754523485729909
MRC,MF-SAEA,8,0.8026257975208574,0.09111486651077283,74,0.9088581051763682
MRC,Proposed,8,0.8512036746785087,0.07446984967191675,61,0.9362128002522796
MRC,NSGA-II,9,0.6667639809501963,0.15805203009240248,120,0.7775212464881135
MRC,MOEA/D,9,0.6832351043771587,0.15490088807802688,120,0.7937596635318271
MRC,SMS-EGO,9,0.714272768818969,0.13290132834789173,101,0.8490568572938579
MRC,ParEGO,9,0.7257260516952414,0.1271724596115141,95,0.8201752878180563
MRC,GP-BO,9,0.7441652602408122,0.12764678474898766,98,0.8456211866170043
MRC,SF-SAEA,9,0.7482485023247398,0.11395434706108154,90,0.9090108273227029
MRC,Physics-free,9,0.768299413743251,0.09909423970622576,78,0.878952231850454
MRC,MF-SAEA,9,0.8088408322112699,0.08113320530646562,80,0.8799495581509158
MRC,Proposed,9,0.8646362367021692,0.06064626353367711,63,0.9235279299033987
MRC,NSGA-II,10,0.6347021511079802,0.17399030236623625,120,0.7871970855500046
MRC,MOEA/D,10,0.6438024574480181,0.17063051552526717,119,0.8124634459334292
MRC,SMS-EGO,10,0.7046549220111438,0.13532600411737475,102,0.8499183363151034
MRC,ParEGO,10,0.7167307073450201,0.1248940392666369,97,0.8342386978930969
MRC,GP-BO,10,0.7244766202978572,0.12831997272099332,92,0.8413168165515503
MRC,SF-SAEA,10,0.7175247405524662,0.12426045062652205,84,0.8689810802892831
MRC,Physics-free,10,0.7610766860037523,0.10425055235594374,80,0.8554028050944795
MRC,MF-SAEA,10,0.8150291107482307,0.07993428600623954,74,0.8942597339195445
MRC,Proposed,10,0.8450961598509594,0.07449878466400722,59,0.9417577709551364
MRC,NSGA-II,11,0.637939084587538,0.17361782442337897,120,0.8044020897761164
MRC,MOEA/D,11,0.6336804778904579,0.17467184927920199,120,0.8170814622202256
MRC,SMS-EGO,11,0.7095944324827768,0.12978379523860994,106,0.8440156372509868
MRC,ParEGO,11,0.7038032411171108,0.139891517850409,99,0.83327701368858
MRC,GP-BO,11,0.7346187675914049,0.11514852997826722,90,0.8498577950735569
MRC,SF-SAEA,11,0.7256106056195656,0.12218454220009761,88,0.8741526352074676
MRC,Physics-free,11,0.7397557200550159,0.11233396451987492,82,0.8702095702117119
MRC,MF-SAEA,11,0.7733860578145872,0.1103287175050694,80,0.8921621362620782
MRC,Proposed,11,0.8379477513725119,0.07754646694143923,61,0.9363018696599175
MRC,NSGA-II,12,0.643605847848726,0.166123783944421,120,0.7850301294341007
MRC,MOEA/D,12,0.6505232420192978,0.16233926486247768,120,0.8076807072522698
MRC,SMS-EGO,12,0.7033185717244117,0.1349325958133726,103,0.807387544670895
MRC,ParEGO,12,0.7222598548267954,0.12330982961351229,96,0.8392235971266898
MRC,GP-BO,12,0.7209094604626328,0.11863901365558054,99,0.8442425915382118
MRC,SF-SAEA,12,0.7419692330745398,0.11746068272852161,88,0.8397747692433082
MRC,Physics-free,12,0.760954701851093,0.10793393478433126,85,0.8478850090817347
MRC,MF-SAEA,12,0.7836768219316974,0.09597049537755901,72,0.9194866357249716
MRC,Proposed,12,0.8553236401848943,0.07415070738937354,60,0.9565914339148783
MRC,NSGA-II,13,0.653146757106093,0.1705115713128651,118,0.802251095716177
MRC,MOEA/D,13,0.6661520649272744,0.15851758719861267,120,0.8092887312716528
MRC,SMS-EGO,13,0.7144975689868653,0.12526409992139176,97,0.8245688498741207
MRC,ParEGO,13,0.7402546619355537,0.11674966704549919,104,0.8469175664304699
MRC,GP-BO,13,0.7284103579236876,0.13077867159212953,94,0.8590296238888528
MRC,SF-SAEA,13,0.7426768954323457,0.12003805374812317,93,0.8760664132373414
MRC,Physics-free,13,0.7692282985778177,0.0964041241660056,79,0.8605723594432353
MRC,MF-SAEA,13,0.7862125207607704,0.10000279554249354,78,0.8987165882996966
MRC,Proposed,13,0.8586038092101484,0.06552842770196596,60,0.9322611756060523
MRC,NSGA-II,14,0.6700148241501364,0.1640918046990846,119,0.7797980346182195
MRC,MOEA/D,14,0.6653463459908583,0.1681880640512096,120,0.8046941952992348
MRC,SMS-EGO,14,0.7282775085352734,0.12412240513254233,102,0.8488155124196792
MRC,ParEGO,14,0.71039768185606,0.1399512189870175,94,0.8472677794706975
MRC,GP-BO,14,0.7338967186802784,0.12242022871718442,103,0.8803098030414849
MRC,SF-SAEA,14,0.7577167479822681,0.11602276765912449,83,0.8588467799252922
MRC,Physics-free,14,0.771961554508417,0.10867484392381634,82,0.8528061645656458
MRC,MF-SAEA,14,0.7966756294497764,0.0884158696317165,82,0.9021262804032028
MRC,Proposed,14,0.8541098645324866,0.06217040219293475,63,0.9674261154264967
MRC,NSGA-II,15,0.6430329192297126,0.17317269385569797,117,0.7818247996272598
MRC,MOEA/D,15,0.6703597425915072,0.15599779057393165,120,0.8004925951943829
MRC,SMS-EGO,15,0.7088717527640067,0.1349981163253453,98,0.8256293244896857
MRC,ParEGO,15,0.721380572322844,0.12841471224911558,101,0.8432159894907637
MRC,GP-BO,15,0.7442310480181538,0.1208902343815782,97,0.85685283210903
MRC,SF-SAEA,15,0.7498547875691229,0.11518998634584068,90,0.8570221590708312
MRC,Physics-free,15,0.7736986706625976,0.11287558298364353,85,0.876961430018661
MRC,MF-SAEA,15,0.7948394123285017,0.09115593421307373,79,0.8979639415490037
MRC,Proposed,15,0.8698770865282407,0.06225408138716242,62,0.9551991036712629
PRF,NSGA-II,1,0.6404007906539196,0.17359759232718858,119,0.7896834597965187
PRF,MOEA/D,1,0.649007112509545,0.1802257952321829,115,0.7975221298799465
PRF,SMS-EGO,1,0.7073477759461553,0.13537157786061285,106,0.8288005391456684
PRF,ParEGO,1,0.7078841990761695,0.13330013668813925,94,0.856487574096785
PRF,GP-BO,1,0.7443394593008879,0.11653767121643356,98,0.8502506407569891
PRF,SF-SAEA,1,0.7227129564013814,0.1155743930873886,93,0.8455155747011303
PRF,Physics-free,1,0.7613676460612891,0.10998094759240098,84,0.8546087149256321
PRF,MF-SAEA,1,0.7924689799568152,0.08867607234032075,81,0.8935894840932219
PRF,Proposed,1,0.845305415562377,0.0648792335436147,62,0.9386928005188312
PRF,NSGA-II,2,0.6396205197462486,0.1691101202949974,117,0.7918028959217284
PRF,MOEA/D,2,0.6346511500691162,0.17795202221875706,118,0.7988250320133681
PRF,SMS-EGO,2,0.6850052350093324,0.14002870486756377,103,0.8408703246251154
PRF,ParEGO,2,0.7211554309802561,0.12367767599597174,94,0.8354663903928824
PRF,GP-BO,2,0.7141762946142172,0.13068240676055912,94,0.8499916006035066
PRF,SF-SAEA,2,0.7240400778525272,0.1351973597242612,95,0.8681714837220718
PRF,Physics-free,2,0.7368837057749387,0.12263407088814848,81,0.8380326817097674
PRF,MF-SAEA,2,0.7857111931765905,0.10261520055015841,79,0.8895544842254748
PRF,Proposed,2,0.8500647422911213,0.062154071290170004,65,0.9388618539763454
PRF,NSGA-II,3,0.6261271619728426,0.17751884329078008,120,0.7837464546549731
PRF,MOEA/D,3,0.6539645164434447,0.1721343311243474,120,0.8191141556353461
PRF,SMS-EGO,3,0.704182106229562,0.12776477320870447,103,0.8343517924259232
PRF,ParEGO,3,0.718332692287801,0.12957720019561983,104,0.8450985210430741
PRF,GP-BO,3,0.7216247137169921,0.12239735647500821,94,0.8279313587882446
PRF,SF-SAEA,3,0.7289781254783801,0.1224921019019785,89,0.8741183812689955
PRF,Physics-free,3,0.7316157453995341,0.12288432630557143,87,0.8613393966797853
PRF,MF-SAEA,3,0.7653878310539501,0.11251219923861189,81,0.9008078843612283
PRF,Proposed,3,0.8359465317999416,0.07904077807740806,57,0.9359576970805069
PRF,NSGA-II,4,0.6438183965474631,0.1719918084108094,120,0.7966879404339116
PRF,MOEA/D,4,0.6535373849199699,0.16623932650353693,118,0.811663192049347
PRF,SMS-EGO,4,0.6989809083386017,0.13405978123044807,104,0.8533858273086137
PRF,ParEGO,4,0.701923354821816,0.135291691980611,97,0.8503429600460966
PRF,GP-BO,4,0.7103620962007086,0.14053922551593034,97,0.8423733032846314
PRF,SF-SAEA,4,0.7184817005513567,0.12118929700251777,89,0.8493154704090956
PRF,Physics-free,4,0.7566160395341981,0.11769393516473683,84,0.8520171450278606
PRF,MF-SAEA,4,0.7911302583325658,0.0928844855953214,75,0.9247094910036163
PRF,Proposed,4,0.8465539966756127,0.06437969044642472,61,0.9347104285804744
PRF,NSGA-II,5,0.6254297961975457,0.18142864845396267,118,0.8124962401953261
PRF,MOEA/D,5,0.6354223749307542,0.17038771650672907,117,0.8149987953382012
PRF,SMS-EGO,5,0.6742600706188416,0.15225193585346974,101,0.8241524452937931
PRF,ParEGO,5,0.7156776264909911,0.13660417409597625,100,0.8319627107627657
PRF,GP-BO,5,0.7113874090517809,0.13029034399495049,95,0.8404050824111774
PRF,SF-SAEA,5,0.7222715028291143,0.13089459537286882,85,0.8783479264779405
PRF,Physics-free,5,0.7336291853951921,0.1188875976149075,78,0.8765964129266586
PRF,MF-SAEA,5,0.802902007070571,0.09700472887339126,78,0.906463589361921
PRF,Proposed,5,0.8270655286476427,0.07335275799291434,57,0.9410285939424669
PRF,NSGA-II,6,0.6287473355375832,0.18090447973848647,119,0.7917342546561373
PRF,MOEA/D,6,0.6579342954570667,0.15969302890046788,117,0.8019308698591833
PRF,SMS-EGO,6,0.6832417491282525,0.14160281174569234,104,0.8379192139796698
PRF,ParEGO,6,0.7193433256402271,0.12754722653167616,102,0.8545266336438511
PRF,GP-BO,6,0.7252918643386782,0.12977731616340363,101,0.8413115327069921
PRF,SF-SAEA,6,0.7391886482410378,0.12351530550358807,94,0.8559502192675629
PRF,Physics-free,6,0.7434522261545718,0.1220028304618493,83,0.8722883447918552
PRF,MF-SAEA,6,0.7884611461649192,0.09604896527100411,72,0.9214365548752355
PRF,Proposed,6,0.8589356803090085,0.061302701977122315,60,0.9224160655507327
PRF,NSGA-II,7,0.6291696043844908,0.17989041704037226,120,0.7746631857759334
PRF,MOEA/D,7,0.6639105484474359,0.16565658709372916,118,0.7946839476104308
PRF,SMS-EGO,7,0.6921871908244388,0.1369839431993253,97,0.8260861026083631
PRF,ParEGO,7,0.7242499944250363,0.12413944068434576,101,0.8376220358993598
PRF,GP-BO,7,0.7256327103580146,0.12629181394636046,94,0.8449553474307334
PRF,SF-SAEA,7,0.7174913542721669,0.1312938494283812,84,0.8639709188475586
PRF,Physics-free,7,0.7290497356915366,0.13182131650074955,87,0.8744309217853917
PRF,MF-SAEA,7,0.7776218790718968,0.10569265523023168,78,0.8921369856676938
PRF,Proposed,7,0.8575574150826345,0.06262504473216178,62,0.9356389132864501
PRF,NSGA-II,8,0.6482436576354212,0.17752802552888797,120,0.7798776561993027
PRF,MOEA/D,8,0.6569063516734377,0.17095266117080216,118,0.7996057539910685
PRF,SMS-EGO,8,0.7064410768381895,0.13295247883718347,102,0.839666340665295
PRF,ParEGO,8,0.7187559042164636,0.12410560044322003,93,0.8244509030082279
PRF,GP-BO,8,0.7264737028305117,0.1275224559918476,96,0.8611418143763683
PRF,SF-SAEA,8,0.7285783009526401,0.12462081373075848,92,0.870031923429887
PRF,Physics-free,8,0.7584921040356142,0.1155466240159016,80,0.8559716858930967
PRF,MF-SAEA,8,0.7862534340484697,0.09336944525573704,82,0.9148228418886295
PRF,Proposed,8,0.854852423898915,0.07105422466136313,65,0.9426726317622144
PRF,NSGA-II,9,0.6553626371576993,0.16583595300691226,118,0.7873305644483691
PRF,MOEA/D,9,0.6732118430791065,0.164704302908983,120,0.7990817060767843
PRF,SMS-EGO,9,0.7135410996818713,0.1263669719744457,100,0.8470342801760711
PRF,ParEGO,9,0.721147551310329,0.11911671520370497,101,0.8473120457382898
PRF,GP-BO,9,0.7447013350036455,0.11243419663431645,96,0.8644189596526068
PRF,SF-SAEA,9,0.728551943005965,0.1308961409585685,85,0.8804419926079388
PRF,Physics-free,9,0.7603324205218174,0.10575667308260009,88,0.8480949090392538
PRF,MF-SAEA,9,0.7834163398318065,0.10295925407636539,72,0.9009532794417079
PRF,Proposed,9,0.8548394819182924,0.06388228977429793,62,0.9521446950631642
PRF,NSGA-II,10,0.6278650425780113,0.17783981698232937,120,0.7945632044802183
PRF,MOEA/D,10,0.6656863262954431,0.16044372532163614,117,0.8024633093997044
PRF,SMS-EGO,10,0.7079414411413606,0.12733475365411553,99,0.8300628703415122
PRF,ParEGO,10,0.720874098526136,0.12835502700542714,101,0.8277583214168978
PRF,GP-BO,10,0.7340002092818674,0.11652932070236949,99,0.8400483343084688
PRF,SF-SAEA,10,0.7297723140133233,0.11728301951002272,93,0.8644702130007453
PRF,Physics-free,10,0.7699859560074177,0.10631228032932798,86,0.8785107075672972
PRF,MF-SAEA,10,0.782371225023502,0.09769117684907659,80,0.9005080727712876
PRF,Proposed,10,0.835354586223262,0.07572002132718432,61,0.9437776251372629
PRF,NSGA-II,11,0.6359255287912562,0.17752414713440534,118,0.7680325618303872
PRF,MOEA/D,11,0.6586569236126026,0.169067007390195,117,0.80013005802146
PRF,SMS-EGO,11,0.6917018713968094,0.1417045379737667,100,0.8369687926618811
PRF,ParEGO,11,0.7043323077495887,0.13593753540909606,100,0.8438120404970314
PRF,GP-BO,11,0.7129955730300419,0.13079770647554587,100,0.8418855206757541
PRF,SF-SAEA,11,0.7315974375325962,0.13068147398240987,90,0.8550250638185187
PRF,Physics-free,11,0.7580378791329878,0.11219172438283578,86,0.8314843988415462
PRF,MF-SAEA,11,0.8062228726041415,0.08788222285925473,80,0.9154985021533528
PRF,Proposed,11,0.8611105045279912,0.057011133213979485,56,0.9517790412367667
PRF,NSGA-II,12,0.630813152851394,0.1740175059964882,116,0.8019715708447439
PRF,MOEA/D,12,0.6397941941754987,0.16286601429117734,118,0.8049198113761766
PRF,SMS-EGO,12,0.6811868214212284,0.1466370524433829,95,0.8342757646115039
PRF,ParEGO,12,0.7205527920569471,0.12519091995160883,103,0.859160201560678
PRF,GP-BO,12,0.7089762214541517,0.13479743659641122,95,0.8602696628395402
PRF,SF-SAEA,12,0.7192125770484229,0.12443775754711804,92,0.8749649840577828
PRF,Physics-free,12,0.7547056652961852,0.10669944143656106,81,0.8616337205982385
PRF,MF-SAEA,12,0.7638546582687784,0.1088164201833994,76,0.8977332545483155
PRF,Proposed,12,0.8587984331882254,0.061712276733142245,59,0.9400422280137997
PRF,NSGA-II,13,0.6463760313995293,0.1673617738195691,115,0.7976696299412338
PRF,MOEA/D,13,0.6375638993940079,0.16897641952598588,120,0.8112650979628648
PRF,SMS-EGO,13,0.7154783230726341,0.13182316632312482,99,0.8275822729008361
PRF,ParEGO,13,0.722746371842312,0.11932118272430096,98,0.8368543027618984
PRF,GP-BO,13,0.7325659954843315,0.11892800467238164,96,0.828548543298236
PRF,SF-SAEA,13,0.7242805922043813,0.12889341629831896,85,0.8622528428471354
PRF,Physics-free,13,0.7541523403444008,0.10834951338073137,82,0.8501587330833964
PRF,MF-SAEA,13,0.7812514549917868,0.10190554875026404,78,0.9028441829739956
PRF,Proposed,13,0.8249123101428996,0.07222726681460817,57,0.9475387811664336
PRF,NSGA-II,14,0.6441102212909671,0.17369868123791335,120,0.789444174835785
PRF,MOEA/D,14,0.6568146880637202,0.17336380373339566,120,0.79569779418537
PRF,SMS-EGO,14,0.6968159834408502,0.13921369587276072,105,0.8338217972709805
PRF,ParEGO,14,0.7221248207427762,0.12846618992526995,103,0.838097134255589
PRF,GP-BO,14,0.714783305422732,0.1295871275560621,91,0.8560760243896292
PRF,SF-SAEA,14,0.7308681682852001,0.12201767634838635,93,0.8604379569980286
PRF,Physics-free,14,0.7551705748992517,0.10945829023868013,84,0.8615996316688097
PRF,MF-SAEA,14,0.801471040090499,0.08273077876445142,77,0.8888823078321676
PRF,Proposed,14,0.8652706506190694,0.06672865053136201,60,0.9537551508036624
PRF,NSGA-II,15,0.6364979963830192,0.1709954589750822,117,0.8006510778196689
PRF,MOEA/D,15,0.6510516550722105,0.1660552362160687,120,0.7750230625242411
PRF,SMS-EGO,15,0.7036188600773388,0.1342424210045735,98,0.826684420627431
PRF,ParEGO,15,0.711843373513042,0.1325595299974315,99,0.8328563107403972
PRF,GP-BO,15,0.7406121763920265,0.11785687254013708,97,0.8683330150233888
PRF,SF-SAEA,15,0.7656499173578132,0.09908686579255935,91,0.8535500857703857
PRF,Physics-free,15,0.7585965997499118,0.10659765321639803,81,0.8457802688496474
PRF,MF-SAEA,15,0.7811258525003377,0.092872623068181,68,0.8865205457256274
PRF,Proposed,15,0.8492705281046313,0.07734947065292898,59,0.9464193472696993
