method,hv_mean,hv_sd,igd_mean,igd_sd,calls_mean,calls_sd,feasible_mean,feasible_sd,avg_rank
GP-BO,0.7350670040918522,0.02155623008629911,0.12074835481091686,0.010293023069389479,94.53333333333333,3.4091746669996783,0.8511639256371195,0.011893132983807383,5.0
MF-SAEA,0.7977807568429548,0.01898875890666783,0.09192109245386254,0.009553711955474997,75.88888888888889,3.4913840803475584,0.9035830361272564,0.011473372304197791,1.9444444444444444
MOEA/D,0.6659785668679481,0.02330682985818319,0.16172122308581618,0.011863481595621034,118.54444444444445,2.254389531514073,0.8034399604968588,0.011698691238625367,8.155555555555555
NSGA-II,0.650488211049032,0.023055146818027512,0.16883210896916734,0.011264179201517397,118.4,2.1400409530891857,0.792839688325845,0.011964506771660083,8.844444444444445
ParEGO,0.7247448022067832,0.02196758891628352,0.12546798943773463,0.011061077848345242,97.14444444444445,3.9818721561177046,0.8439193967056683,0.011174836896468312,5.877777777777778
Physics-free,0.76466519327618,0.024815938193415592,0.10738261159353214,0.011802912521198734,82.87777777777778,3.3245014081789437,0.8622107026997637,0.010683503180148957,3.066666666666667
Proposed,0.8534743241002425,0.03570856144263583,0.06712407636455686,0.017887361345879614,59.37777777777778,3.022677501141184,0.9447185911838888,0.012370513396887052,1.0888888888888888
SF-SAEA,0.7443691812489089,0.02325906388034818,0.11664091414159103,0.011546812322010101,88.11111111111111,3.5772202014326813,0.8691181363552059,0.011896194516198933,4.311111111111111
SMS-EGO,0.713536451539365,0.021297100527524388,0.1293348890453467,0.01037815493008822,99.56666666666666,3.4836697685314206,0.8352712452682425,0.010870124989422946,6.711111111111111
