split,method,run,hv
Split A,Proposed,1,0.8363697424682435
Split A,MF-SAEA,1,0.7870614424427298
Split A,Proposed,2,0.8472943661937039
Split A,MF-SAEA,2,0.7904985196811605
Split A,Proposed,3,0.8502524014605539
Split A,MF-SAEA,3,0.7849575164599049
Split A,Proposed,4,0.857420245277104
Split A,MF-SAEA,4,0.7941732341984401
Split A,Proposed,5,0.8514863178172313
Split A,MF-SAEA,5,0.7979892555569723
Split A,Proposed,6,0.8532578552339566
Split A,MF-SAEA,6,0.8093046756483586
Split A,Proposed,7,0.8445802415428394
Split A,MF-SAEA,7,0.7904811534188264
Split A,Proposed,8,0.8631151757917466
Split A,MF-SAEA,8,0.801319756872042
Split A,Proposed,9,0.864213536491821
Split A,MF-SAEA,9,0.8255708956421179
Split A,Proposed,10,0.8557740468088281
Split A,MF-SAEA,10,0.7925980720186776
Split A,Proposed,11,0.8548277506421773
Split A,MF-SAEA,11,0.7935853292107695
Split A,Proposed,12,0.8458462368197094
Split A,MF-SAEA,12,0.8074789184240727
Split A,Proposed,13,0.8597008517806708
Split A,MF-SAEA,13,0.7897348375752167
Split A,Proposed,14,0.8677492786528433
Split A,MF-SAEA,14,0.8068989758200508
Split A,Proposed,15,0.8767648305284436
Split A,MF-SAEA,15,0.8056410982395801
Split B,Proposed,1,0.8681835593464627
Split B,MF-SAEA,1,0.7859848742325171
Split B,Proposed,2,0.856285494232073
Split B,MF-SAEA,2,0.7779059840368414
Split B,Proposed,3,0.8448081705691988
Split B,MF-SAEA,3,0.8020907818433515
Split B,Proposed,4,0.8619506108019892
Split B,MF-SAEA,4,0.78635470985604
Split B,Proposed,5,0.8470056829514383
Split B,MF-SAEA,5,0.7882985120699639
Split B,Proposed,6,0.8508610217177358
Split B,MF-SAEA,6,0.8007287775029963
Split B,Proposed,7,0.8405602558658262
Split B,MF-SAEA,7,0.7686779487922325
Split B,Proposed,8,0.8394626505808411
Split B,MF-SAEA,8,0.7751390737667138
Split B,Proposed,9,0.8415048509219232
Split B,MF-SAEA,9,0.7995102365718785
Split B,Proposed,10,0.8635159943077508
Split B,MF-SAEA,10,0.799917482930356
Split B,Proposed,11,0.8702842205216069
Split B,MF-SAEA,11,0.7802619760230521
Split B,Proposed,12,0.8515163508215591
Split B,MF-SAEA,12,0.7981589138469277
Split B,Proposed,13,0.8425463674145882
Split B,MF-SAEA,13,0.8036980104923281
Split B,Proposed,14,0.8436184279261866
Split B,MF-SAEA,14,0.779387446514074
Split B,Proposed,15,0.8537095507853288
Split B,MF-SAEA,15,0.803617653364623
Split C,Proposed,1,0.850966741908435
Split C,MF-SAEA,1,0.7998325913507517
Split C,Proposed,2,0.8645033425952294
Split C,MF-SAEA,2,0.8035068075558635
Split C,Proposed,3,0.8607417161597587
Split C,MF-SAEA,3,0.8016831999770081
Split C,Proposed,4,0.8570182369464263
Split C,MF-SAEA,4,0.802466214801749
Split C,Proposed,5,0.8578902855403958
Split C,MF-SAEA,5,0.8233227479208649
Split C,Proposed,6,0.8567221755926281
Split C,MF-SAEA,6,0.7991109321389399
Split C,Proposed,7,0.8569398677537269
Split C,MF-SAEA,7,0.8005352386531309
Split C,Proposed,8,0.8645759357245439
Split C,MF-SAEA,8,0.801475022500633
Split C,Proposed,9,0.8594356188336763
Split C,MF-SAEA,9,0.8057468596586738
Split C,Proposed,10,0.8527017323110252
Split C,MF-SAEA,10,0.804889088305191
Split C,Proposed,11,0.8297623514344602
Split C,MF-SAEA,11,0.8024344891554979
Split C,Proposed,12,0.8646946633034975
Split C,MF-SAEA,12,0.7922525289633774
Split C,Proposed,13,0.844937336891572
Split C,MF-SAEA,13,0.7882517182711001
Split C,Proposed,14,0.8749238546667287
Split C,MF-SAEA,14,0.8027691729592296
Split C,Proposed,15,0.8602489655509769
Split C,MF-SAEA,15,0.8010981310299031
Split D,Proposed,1,0.8467826608339659
Split D,MF-SAEA,1,0.8017882308436131
Split D,Proposed,2,0.8290077344219783
Split D,MF-SAEA,2,0.7887009738237577
Split D,Proposed,3,0.8241181961239391
Split D,MF-SAEA,3,0.7947475432083009
Split D,Proposed,4,0.8308995352372901
Split D,MF-SAEA,4,0.7736866692569961
Split D,Proposed,5,0.8404259394752491
Split D,MF-SAEA,5,0.7756780887700372
Split D,Proposed,6,0.86687306930748
Split D,MF-SAEA,6,0.7870376483212503
Split D,Proposed,7,0.8433089674005592
Split D,MF-SAEA,7,0.7956132688566809
Split D,Proposed,8,0.8398461423866002
Split D,MF-SAEA,8,0.7831206384852814
Split D,Proposed,9,0.8423912681558149
Split D,MF-SAEA,9,0.7876242105435235
Split D,Proposed,10,0.8360598949283198
Split D,MF-SAEA,10,0.7784011507860373
Split D,Proposed,11,0.8530660773231953
Split D,MF-SAEA,11,0.7784227486572097
Split D,Proposed,12,0.8388224970750772
Split D,MF-SAEA,12,0.7743421215711016
Split D,Proposed,13,0.8460626462189283
Split D,MF-SAEA,13,0.7785560995010712
Split D,Proposed,14,0.8417170360914551
Split D,MF-SAEA,14,0.805290165279511
Split D,Proposed,15,0.8457860253026592
Split D,MF-SAEA,15,0.8051065547828621
Split E,Proposed,1,0.8623283793193066
Split E,MF-SAEA,1,0.8027047371440613
Split E,Proposed,2,0.8365518999568798
Split E,MF-SAEA,2,0.7741716232366237
Split E,Proposed,3,0.8507821538075641
Split E,MF-SAEA,3,0.8074725825768118
Split E,Proposed,4,0.8423766141722341
Split E,MF-SAEA,4,0.7908343593876642
Split E,Proposed,5,0.8414435947046003
Split E,MF-SAEA,5,0.7882043279735815
Split E,Proposed,6,0.8359507763651262
Split E,MF-SAEA,6,0.7825586067324724
Split E,Proposed,7,0.8659218455330159
Split E,MF-SAEA,7,0.8131043408110463
Split E,Proposed,8,0.8530106706529925
Split E,MF-SAEA,8,0.7937359306873953
Split E,Proposed,9,0.8425747879199917
Split E,MF-SAEA,9,0.7839324896900186
Split E,Proposed,10,0.855664659681866
Split E,MF-SAEA,10,0.7870230808841573
Split E,Proposed,11,0.8516600950406288
Split E,MF-SAEA,11,0.7820055431308738
Split E,Proposed,12,0.8647556143795616
Split E,MF-SAEA,12,0.7938781453329483
Split E,Proposed,13,0.8543987020178803
Split E,MF-SAEA,13,0.7819244165839712
Split E,Proposed,14,0.8460894848875681
Split E,MF-SAEA,14,0.8027014919142084
Split E,Proposed,15,0.8482028791762519
Split E,MF-SAEA,15,0.80697670283307
